File "E:\我的文件\桌面\五上第十一課\soundData\ㄅ.mp3"
File "E:\我的文件\桌面\五上第十一課\soundData\ㄅˋ.mp3"
File "E:\我的文件\桌面\五上第十一課\soundData\ㄅˊ.mp3"
File "E:\我的文件\桌面\五上第十一課\soundData\ㄅˇ.mp3"
File "E:\我的文件\桌面\五上第十一課\soundData\ㄅ˙.mp3"
File "E:\我的文件\桌面\五上第十一課\soundData\ㄅㄚ.mp3"
File "E:\我的文件\桌面\五上第十一課\soundData\ㄅㄚˋ.mp3"
File "E:\我的文件\桌面\五上第十一課\soundData\ㄅㄚˊ.mp3"
File "E:\我的文件\桌面\五上第十一課\soundData\ㄅㄚˇ.mp3"
File "E:\我的文件\桌面\五上第十一課\soundData\ㄅㄚ˙.mp3"
File "E:\我的文件\桌面\五上第十一課\soundData\ㄅㄛ.mp3"
  removed 1 frame(s) (0.0s)
  removed 0.41KB
File "E:\我的文件\桌面\五上第十一課\soundData\ㄅㄛˋ.mp3"
File "E:\我的文件\桌面\五上第十一課\soundData\ㄅㄛˊ.mp3"
File "E:\我的文件\桌面\五上第十一課\soundData\ㄅㄛˇ.mp3"
File "E:\我的文件\桌面\五上第十一課\soundData\ㄅㄛ˙.mp3"
File "E:\我的文件\桌面\五上第十一課\soundData\ㄅㄞ.mp3"
File "E:\我的文件\桌面\五上第十一課\soundData\ㄅㄞˋ.mp3"
File "E:\我的文件\桌面\五上第十一課\soundData\ㄅㄞˊ.mp3"
File "E:\我的文件\桌面\五上第十一課\soundData\ㄅㄞˇ.mp3"
File "E:\我的文件\桌面\五上第十一課\soundData\ㄅㄞ˙.mp3"
File "E:\我的文件\桌面\五上第十一課\soundData\ㄅㄟ.mp3"
File "E:\我的文件\桌面\五上第十一課\soundData\ㄅㄟˋ.mp3"
File "E:\我的文件\桌面\五上第十一課\soundData\ㄅㄟˊ.mp3"
  removed 0.49KB
File "E:\我的文件\桌面\五上第十一課\soundData\ㄅㄟˇ.mp3"
File "E:\我的文件\桌面\五上第十一課\soundData\ㄅㄟ˙.mp3"
  removed 0.49KB
File "E:\我的文件\桌面\五上第十一課\soundData\ㄅㄠ.mp3"
File "E:\我的文件\桌面\五上第十一課\soundData\ㄅㄠˋ.mp3"
File "E:\我的文件\桌面\五上第十一課\soundData\ㄅㄠˊ.mp3"
File "E:\我的文件\桌面\五上第十一課\soundData\ㄅㄠˇ.mp3"
File "E:\我的文件\桌面\五上第十一課\soundData\ㄅㄠ˙.mp3"
  removed 0.49KB
File "E:\我的文件\桌面\五上第十一課\soundData\ㄅㄢ.mp3"
File "E:\我的文件\桌面\五上第十一課\soundData\ㄅㄢˋ.mp3"
File "E:\我的文件\桌面\五上第十一課\soundData\ㄅㄢˊ.mp3"
  removed 0.49KB
File "E:\我的文件\桌面\五上第十一課\soundData\ㄅㄢˇ.mp3"
File "E:\我的文件\桌面\五上第十一課\soundData\ㄅㄢ˙.mp3"
  removed 0.49KB
File "E:\我的文件\桌面\五上第十一課\soundData\ㄅㄣ.mp3"
File "E:\我的文件\桌面\五上第十一課\soundData\ㄅㄣˋ.mp3"
File "E:\我的文件\桌面\五上第十一課\soundData\ㄅㄣˊ.mp3"
  removed 0.49KB
File "E:\我的文件\桌面\五上第十一課\soundData\ㄅㄣˇ.mp3"
File "E:\我的文件\桌面\五上第十一課\soundData\ㄅㄣ˙.mp3"
  removed 0.49KB
File "E:\我的文件\桌面\五上第十一課\soundData\ㄅㄤ.mp3"
File "E:\我的文件\桌面\五上第十一課\soundData\ㄅㄤˋ.mp3"
File "E:\我的文件\桌面\五上第十一課\soundData\ㄅㄤˊ.mp3"
  removed 0.49KB
File "E:\我的文件\桌面\五上第十一課\soundData\ㄅㄤˇ.mp3"
File "E:\我的文件\桌面\五上第十一課\soundData\ㄅㄤ˙.mp3"
  removed 0.49KB
File "E:\我的文件\桌面\五上第十一課\soundData\ㄅㄥ.mp3"
File "E:\我的文件\桌面\五上第十一課\soundData\ㄅㄥˋ.mp3"
File "E:\我的文件\桌面\五上第十一課\soundData\ㄅㄥˊ.mp3"
File "E:\我的文件\桌面\五上第十一課\soundData\ㄅㄥˇ.mp3"
File "E:\我的文件\桌面\五上第十一課\soundData\ㄅㄥ˙.mp3"
  removed 0.49KB
File "E:\我的文件\桌面\五上第十一課\soundData\ㄅㄧ.mp3"
File "E:\我的文件\桌面\五上第十一課\soundData\ㄅㄧˋ.mp3"
File "E:\我的文件\桌面\五上第十一課\soundData\ㄅㄧˊ.mp3"
File "E:\我的文件\桌面\五上第十一課\soundData\ㄅㄧˇ.mp3"
File "E:\我的文件\桌面\五上第十一課\soundData\ㄅㄧ˙.mp3"
  removed 0.49KB
File "E:\我的文件\桌面\五上第十一課\soundData\ㄅㄧㄝ.mp3"
File "E:\我的文件\桌面\五上第十一課\soundData\ㄅㄧㄝˋ.mp3"
File "E:\我的文件\桌面\五上第十一課\soundData\ㄅㄧㄝˊ.mp3"
File "E:\我的文件\桌面\五上第十一課\soundData\ㄅㄧㄝˇ.mp3"
File "E:\我的文件\桌面\五上第十一課\soundData\ㄅㄧㄝ˙.mp3"
  removed 0.28KB
File "E:\我的文件\桌面\五上第十一課\soundData\ㄅㄧㄠ.mp3"
File "E:\我的文件\桌面\五上第十一課\soundData\ㄅㄧㄠˋ.mp3"
File "E:\我的文件\桌面\五上第十一課\soundData\ㄅㄧㄠˊ.mp3"
  removed 0.28KB
File "E:\我的文件\桌面\五上第十一課\soundData\ㄅㄧㄠˇ.mp3"
File "E:\我的文件\桌面\五上第十一課\soundData\ㄅㄧㄠ˙.mp3"
  removed 0.28KB
File "E:\我的文件\桌面\五上第十一課\soundData\ㄅㄧㄢ.mp3"
File "E:\我的文件\桌面\五上第十一課\soundData\ㄅㄧㄢˋ.mp3"
File "E:\我的文件\桌面\五上第十一課\soundData\ㄅㄧㄢˊ.mp3"
  removed 0.28KB
File "E:\我的文件\桌面\五上第十一課\soundData\ㄅㄧㄢˇ.mp3"
File "E:\我的文件\桌面\五上第十一課\soundData\ㄅㄧㄢ˙.mp3"
  removed 0.28KB
File "E:\我的文件\桌面\五上第十一課\soundData\ㄅㄧㄣ.mp3"
File "E:\我的文件\桌面\五上第十一課\soundData\ㄅㄧㄣˋ.mp3"
File "E:\我的文件\桌面\五上第十一課\soundData\ㄅㄧㄣˊ.mp3"
  removed 0.28KB
File "E:\我的文件\桌面\五上第十一課\soundData\ㄅㄧㄣˇ.mp3"
  removed 0.28KB
File "E:\我的文件\桌面\五上第十一課\soundData\ㄅㄧㄣ˙.mp3"
  removed 0.28KB
File "E:\我的文件\桌面\五上第十一課\soundData\ㄅㄧㄥ.mp3"
  removed 1 frame(s) (0.0s)
  removed 0.41KB
File "E:\我的文件\桌面\五上第十一課\soundData\ㄅㄧㄥˋ.mp3"
File "E:\我的文件\桌面\五上第十一課\soundData\ㄅㄧㄥˊ.mp3"
  removed 0.28KB
File "E:\我的文件\桌面\五上第十一課\soundData\ㄅㄧㄥˇ.mp3"
File "E:\我的文件\桌面\五上第十一課\soundData\ㄅㄧㄥ˙.mp3"
  removed 0.28KB
File "E:\我的文件\桌面\五上第十一課\soundData\ㄅㄨ.mp3"
File "E:\我的文件\桌面\五上第十一課\soundData\ㄅㄨˋ.mp3"
File "E:\我的文件\桌面\五上第十一課\soundData\ㄅㄨˊ.mp3"
File "E:\我的文件\桌面\五上第十一課\soundData\ㄅㄨˇ.mp3"
File "E:\我的文件\桌面\五上第十一課\soundData\ㄅㄨ˙.mp3"
  removed 0.28KB
File "E:\我的文件\桌面\五上第十一課\soundData\ㄆ.mp3"
File "E:\我的文件\桌面\五上第十一課\soundData\ㄆˋ.mp3"
File "E:\我的文件\桌面\五上第十一課\soundData\ㄆˊ.mp3"
File "E:\我的文件\桌面\五上第十一課\soundData\ㄆˇ.mp3"
File "E:\我的文件\桌面\五上第十一課\soundData\ㄆ˙.mp3"
File "E:\我的文件\桌面\五上第十一課\soundData\ㄆㄚ.mp3"
File "E:\我的文件\桌面\五上第十一課\soundData\ㄆㄚˋ.mp3"
File "E:\我的文件\桌面\五上第十一課\soundData\ㄆㄚˊ.mp3"
  removed 1 frame(s) (0.0s)
  removed 0.41KB
File "E:\我的文件\桌面\五上第十一課\soundData\ㄆㄚˇ.mp3"
  removed 0.28KB
File "E:\我的文件\桌面\五上第十一課\soundData\ㄆㄚ˙.mp3"
  removed 0.28KB
File "E:\我的文件\桌面\五上第十一課\soundData\ㄆㄛ.mp3"
File "E:\我的文件\桌面\五上第十一課\soundData\ㄆㄛˋ.mp3"
File "E:\我的文件\桌面\五上第十一課\soundData\ㄆㄛˊ.mp3"
File "E:\我的文件\桌面\五上第十一課\soundData\ㄆㄛˇ.mp3"
File "E:\我的文件\桌面\五上第十一課\soundData\ㄆㄛ˙.mp3"
File "E:\我的文件\桌面\五上第十一課\soundData\ㄆㄞ.mp3"
  removed 1 frame(s) (0.0s)
  removed 0.41KB
File "E:\我的文件\桌面\五上第十一課\soundData\ㄆㄞˋ.mp3"
File "E:\我的文件\桌面\五上第十一課\soundData\ㄆㄞˊ.mp3"
File "E:\我的文件\桌面\五上第十一課\soundData\ㄆㄞˇ.mp3"
File "E:\我的文件\桌面\五上第十一課\soundData\ㄆㄞ˙.mp3"
  removed 0.49KB
File "E:\我的文件\桌面\五上第十一課\soundData\ㄆㄟ.mp3"
File "E:\我的文件\桌面\五上第十一課\soundData\ㄆㄟˋ.mp3"
File "E:\我的文件\桌面\五上第十一課\soundData\ㄆㄟˊ.mp3"
  removed 1 frame(s) (0.0s)
  removed 0.41KB
File "E:\我的文件\桌面\五上第十一課\soundData\ㄆㄟˇ.mp3"
  removed 0.49KB
File "E:\我的文件\桌面\五上第十一課\soundData\ㄆㄟ˙.mp3"
  removed 0.49KB
File "E:\我的文件\桌面\五上第十一課\soundData\ㄆㄠ.mp3"
  removed 1 frame(s) (0.0s)
  removed 0.41KB
File "E:\我的文件\桌面\五上第十一課\soundData\ㄆㄠˋ.mp3"
File "E:\我的文件\桌面\五上第十一課\soundData\ㄆㄠˊ.mp3"
File "E:\我的文件\桌面\五上第十一課\soundData\ㄆㄠˇ.mp3"
File "E:\我的文件\桌面\五上第十一課\soundData\ㄆㄠ˙.mp3"
  removed 0.49KB
File "E:\我的文件\桌面\五上第十一課\soundData\ㄆㄡ.mp3"
  removed 0.49KB
File "E:\我的文件\桌面\五上第十一課\soundData\ㄆㄡˋ.mp3"
  removed 0.49KB
File "E:\我的文件\桌面\五上第十一課\soundData\ㄆㄡˊ.mp3"
File "E:\我的文件\桌面\五上第十一課\soundData\ㄆㄡˇ.mp3"
File "E:\我的文件\桌面\五上第十一課\soundData\ㄆㄡ˙.mp3"
  removed 0.49KB
File "E:\我的文件\桌面\五上第十一課\soundData\ㄆㄢ.mp3"
File "E:\我的文件\桌面\五上第十一課\soundData\ㄆㄢˋ.mp3"
File "E:\我的文件\桌面\五上第十一課\soundData\ㄆㄢˊ.mp3"
File "E:\我的文件\桌面\五上第十一課\soundData\ㄆㄢˇ.mp3"
  removed 0.49KB
File "E:\我的文件\桌面\五上第十一課\soundData\ㄆㄢ˙.mp3"
  removed 0.49KB
File "E:\我的文件\桌面\五上第十一課\soundData\ㄆㄣ.mp3"
File "E:\我的文件\桌面\五上第十一課\soundData\ㄆㄣˋ.mp3"
File "E:\我的文件\桌面\五上第十一課\soundData\ㄆㄣˊ.mp3"
  removed 1 frame(s) (0.0s)
  removed 0.41KB
File "E:\我的文件\桌面\五上第十一課\soundData\ㄆㄣˇ.mp3"
  removed 0.28KB
File "E:\我的文件\桌面\五上第十一課\soundData\ㄆㄣ˙.mp3"
  removed 0.28KB
File "E:\我的文件\桌面\五上第十一課\soundData\ㄆㄤ.mp3"
File "E:\我的文件\桌面\五上第十一課\soundData\ㄆㄤˋ.mp3"
File "E:\我的文件\桌面\五上第十一課\soundData\ㄆㄤˊ.mp3"
File "E:\我的文件\桌面\五上第十一課\soundData\ㄆㄤˇ.mp3"
File "E:\我的文件\桌面\五上第十一課\soundData\ㄆㄤ˙.mp3"
  removed 0.49KB
File "E:\我的文件\桌面\五上第十一課\soundData\ㄆㄥ.mp3"
File "E:\我的文件\桌面\五上第十一課\soundData\ㄆㄥˋ.mp3"
File "E:\我的文件\桌面\五上第十一課\soundData\ㄆㄥˊ.mp3"
File "E:\我的文件\桌面\五上第十一課\soundData\ㄆㄥˇ.mp3"
File "E:\我的文件\桌面\五上第十一課\soundData\ㄆㄥ˙.mp3"
  removed 0.49KB
File "E:\我的文件\桌面\五上第十一課\soundData\ㄆㄧ.mp3"
File "E:\我的文件\桌面\五上第十一課\soundData\ㄆㄧˋ.mp3"
File "E:\我的文件\桌面\五上第十一課\soundData\ㄆㄧˊ.mp3"
File "E:\我的文件\桌面\五上第十一課\soundData\ㄆㄧˇ.mp3"
File "E:\我的文件\桌面\五上第十一課\soundData\ㄆㄧ˙.mp3"
File "E:\我的文件\桌面\五上第十一課\soundData\ㄆㄧㄝ.mp3"
  removed 1 frame(s) (0.0s)
  removed 0.41KB
File "E:\我的文件\桌面\五上第十一課\soundData\ㄆㄧㄝˋ.mp3"
File "E:\我的文件\桌面\五上第十一課\soundData\ㄆㄧㄝˊ.mp3"
  removed 0.28KB
File "E:\我的文件\桌面\五上第十一課\soundData\ㄆㄧㄝˇ.mp3"
File "E:\我的文件\桌面\五上第十一課\soundData\ㄆㄧㄝ˙.mp3"
  removed 0.28KB
File "E:\我的文件\桌面\五上第十一課\soundData\ㄆㄧㄠ.mp3"
File "E:\我的文件\桌面\五上第十一課\soundData\ㄆㄧㄠˋ.mp3"
File "E:\我的文件\桌面\五上第十一課\soundData\ㄆㄧㄠˊ.mp3"
File "E:\我的文件\桌面\五上第十一課\soundData\ㄆㄧㄠˇ.mp3"
File "E:\我的文件\桌面\五上第十一課\soundData\ㄆㄧㄠ˙.mp3"
  removed 0.28KB
File "E:\我的文件\桌面\五上第十一課\soundData\ㄆㄧㄢ.mp3"
File "E:\我的文件\桌面\五上第十一課\soundData\ㄆㄧㄢˋ.mp3"
File "E:\我的文件\桌面\五上第十一課\soundData\ㄆㄧㄢˊ.mp3"
File "E:\我的文件\桌面\五上第十一課\soundData\ㄆㄧㄢˇ.mp3"
  removed 0.28KB
File "E:\我的文件\桌面\五上第十一課\soundData\ㄆㄧㄢ˙.mp3"
  removed 0.28KB
File "E:\我的文件\桌面\五上第十一課\soundData\ㄆㄧㄣ.mp3"
File "E:\我的文件\桌面\五上第十一課\soundData\ㄆㄧㄣˋ.mp3"
File "E:\我的文件\桌面\五上第十一課\soundData\ㄆㄧㄣˊ.mp3"
File "E:\我的文件\桌面\五上第十一課\soundData\ㄆㄧㄣˇ.mp3"
File "E:\我的文件\桌面\五上第十一課\soundData\ㄆㄧㄣ˙.mp3"
  removed 0.28KB
File "E:\我的文件\桌面\五上第十一課\soundData\ㄆㄧㄥ.mp3"
File "E:\我的文件\桌面\五上第十一課\soundData\ㄆㄧㄥˋ.mp3"
  removed 1 frame(s) (0.0s)
  removed 0.41KB
File "E:\我的文件\桌面\五上第十一課\soundData\ㄆㄧㄥˊ.mp3"
File "E:\我的文件\桌面\五上第十一課\soundData\ㄆㄧㄥˇ.mp3"
  removed 0.28KB
File "E:\我的文件\桌面\五上第十一課\soundData\ㄆㄧㄥ˙.mp3"
  removed 0.28KB
File "E:\我的文件\桌面\五上第十一課\soundData\ㄆㄨ.mp3"
File "E:\我的文件\桌面\五上第十一課\soundData\ㄆㄨˋ.mp3"
File "E:\我的文件\桌面\五上第十一課\soundData\ㄆㄨˊ.mp3"
File "E:\我的文件\桌面\五上第十一課\soundData\ㄆㄨˇ.mp3"
File "E:\我的文件\桌面\五上第十一課\soundData\ㄆㄨ˙.mp3"
  removed 0.28KB
File "E:\我的文件\桌面\五上第十一課\soundData\ㄇ.mp3"
File "E:\我的文件\桌面\五上第十一課\soundData\ㄇˋ.mp3"
File "E:\我的文件\桌面\五上第十一課\soundData\ㄇˊ.mp3"
File "E:\我的文件\桌面\五上第十一課\soundData\ㄇˇ.mp3"
  removed 1 frame(s) (0.0s)
  removed 0.41KB
File "E:\我的文件\桌面\五上第十一課\soundData\ㄇ˙.mp3"
File "E:\我的文件\桌面\五上第十一課\soundData\ㄇㄚ.mp3"
File "E:\我的文件\桌面\五上第十一課\soundData\ㄇㄚˋ.mp3"
File "E:\我的文件\桌面\五上第十一課\soundData\ㄇㄚˊ.mp3"
File "E:\我的文件\桌面\五上第十一課\soundData\ㄇㄚˇ.mp3"
  removed 1 frame(s) (0.0s)
  removed 0.41KB
File "E:\我的文件\桌面\五上第十一課\soundData\ㄇㄚ˙.mp3"
File "E:\我的文件\桌面\五上第十一課\soundData\ㄇㄛ.mp3"
File "E:\我的文件\桌面\五上第十一課\soundData\ㄇㄛˋ.mp3"
File "E:\我的文件\桌面\五上第十一課\soundData\ㄇㄛˊ.mp3"
File "E:\我的文件\桌面\五上第十一課\soundData\ㄇㄛˇ.mp3"
File "E:\我的文件\桌面\五上第十一課\soundData\ㄇㄛ˙.mp3"
  removed 0.11KB
File "E:\我的文件\桌面\五上第十一課\soundData\ㄇㄜ.mp3"
  removed 1 frame(s) (0.0s)
  removed 0.61KB
File "E:\我的文件\桌面\五上第十一課\soundData\ㄇㄜˋ.mp3"
  removed 1 frame(s) (0.0s)
  removed 0.61KB
File "E:\我的文件\桌面\五上第十一課\soundData\ㄇㄜˊ.mp3"
File "E:\我的文件\桌面\五上第十一課\soundData\ㄇㄜˇ.mp3"
File "E:\我的文件\桌面\五上第十一課\soundData\ㄇㄜ˙.mp3"
File "E:\我的文件\桌面\五上第十一課\soundData\ㄇㄞ.mp3"
  removed 0.49KB
File "E:\我的文件\桌面\五上第十一課\soundData\ㄇㄞˋ.mp3"
File "E:\我的文件\桌面\五上第十一課\soundData\ㄇㄞˊ.mp3"
File "E:\我的文件\桌面\五上第十一課\soundData\ㄇㄞˇ.mp3"
File "E:\我的文件\桌面\五上第十一課\soundData\ㄇㄞ˙.mp3"
  removed 0.49KB
File "E:\我的文件\桌面\五上第十一課\soundData\ㄇㄟ.mp3"
  removed 1 frame(s) (0.0s)
  removed 0.41KB
File "E:\我的文件\桌面\五上第十一課\soundData\ㄇㄟˋ.mp3"
File "E:\我的文件\桌面\五上第十一課\soundData\ㄇㄟˊ.mp3"
File "E:\我的文件\桌面\五上第十一課\soundData\ㄇㄟˇ.mp3"
File "E:\我的文件\桌面\五上第十一課\soundData\ㄇㄟ˙.mp3"
File "E:\我的文件\桌面\五上第十一課\soundData\ㄇㄠ.mp3"
  removed 1 frame(s) (0.0s)
  removed 0.41KB
File "E:\我的文件\桌面\五上第十一課\soundData\ㄇㄠˋ.mp3"
File "E:\我的文件\桌面\五上第十一課\soundData\ㄇㄠˊ.mp3"
File "E:\我的文件\桌面\五上第十一課\soundData\ㄇㄠˇ.mp3"
File "E:\我的文件\桌面\五上第十一課\soundData\ㄇㄠ˙.mp3"
  removed 0.49KB
File "E:\我的文件\桌面\五上第十一課\soundData\ㄇㄡ.mp3"
  removed 0.49KB
File "E:\我的文件\桌面\五上第十一課\soundData\ㄇㄡˋ.mp3"
  removed 0.49KB
File "E:\我的文件\桌面\五上第十一課\soundData\ㄇㄡˊ.mp3"
File "E:\我的文件\桌面\五上第十一課\soundData\ㄇㄡˇ.mp3"
File "E:\我的文件\桌面\五上第十一課\soundData\ㄇㄡ˙.mp3"
  removed 0.49KB
File "E:\我的文件\桌面\五上第十一課\soundData\ㄇㄢ.mp3"
File "E:\我的文件\桌面\五上第十一課\soundData\ㄇㄢˋ.mp3"
File "E:\我的文件\桌面\五上第十一課\soundData\ㄇㄢˊ.mp3"
File "E:\我的文件\桌面\五上第十一課\soundData\ㄇㄢˇ.mp3"
File "E:\我的文件\桌面\五上第十一課\soundData\ㄇㄢ˙.mp3"
  removed 0.49KB
File "E:\我的文件\桌面\五上第十一課\soundData\ㄇㄣ.mp3"
  removed 1 frame(s) (0.0s)
  removed 0.41KB
File "E:\我的文件\桌面\五上第十一課\soundData\ㄇㄣˋ.mp3"
File "E:\我的文件\桌面\五上第十一課\soundData\ㄇㄣˊ.mp3"
File "E:\我的文件\桌面\五上第十一課\soundData\ㄇㄣˇ.mp3"
  removed 0.49KB
File "E:\我的文件\桌面\五上第十一課\soundData\ㄇㄣ˙.mp3"
File "E:\我的文件\桌面\五上第十一課\soundData\ㄇㄤ.mp3"
  removed 0.49KB
File "E:\我的文件\桌面\五上第十一課\soundData\ㄇㄤˋ.mp3"
  removed 0.49KB
File "E:\我的文件\桌面\五上第十一課\soundData\ㄇㄤˊ.mp3"
File "E:\我的文件\桌面\五上第十一課\soundData\ㄇㄤˇ.mp3"
File "E:\我的文件\桌面\五上第十一課\soundData\ㄇㄤ˙.mp3"
  removed 0.49KB
File "E:\我的文件\桌面\五上第十一課\soundData\ㄇㄥ.mp3"
File "E:\我的文件\桌面\五上第十一課\soundData\ㄇㄥˋ.mp3"
File "E:\我的文件\桌面\五上第十一課\soundData\ㄇㄥˊ.mp3"
File "E:\我的文件\桌面\五上第十一課\soundData\ㄇㄥˇ.mp3"
File "E:\我的文件\桌面\五上第十一課\soundData\ㄇㄥ˙.mp3"
  removed 0.49KB
File "E:\我的文件\桌面\五上第十一課\soundData\ㄇㄧ.mp3"
File "E:\我的文件\桌面\五上第十一課\soundData\ㄇㄧˋ.mp3"
File "E:\我的文件\桌面\五上第十一課\soundData\ㄇㄧˊ.mp3"
File "E:\我的文件\桌面\五上第十一課\soundData\ㄇㄧˇ.mp3"
File "E:\我的文件\桌面\五上第十一課\soundData\ㄇㄧ˙.mp3"
  removed 0.49KB
File "E:\我的文件\桌面\五上第十一課\soundData\ㄇㄧㄝ.mp3"
File "E:\我的文件\桌面\五上第十一課\soundData\ㄇㄧㄝˋ.mp3"
File "E:\我的文件\桌面\五上第十一課\soundData\ㄇㄧㄝˊ.mp3"
  removed 0.28KB
File "E:\我的文件\桌面\五上第十一課\soundData\ㄇㄧㄝˇ.mp3"
  removed 0.28KB
File "E:\我的文件\桌面\五上第十一課\soundData\ㄇㄧㄝ˙.mp3"
  removed 0.28KB
File "E:\我的文件\桌面\五上第十一課\soundData\ㄇㄧㄠ.mp3"
File "E:\我的文件\桌面\五上第十一課\soundData\ㄇㄧㄠˋ.mp3"
File "E:\我的文件\桌面\五上第十一課\soundData\ㄇㄧㄠˊ.mp3"
File "E:\我的文件\桌面\五上第十一課\soundData\ㄇㄧㄠˇ.mp3"
File "E:\我的文件\桌面\五上第十一課\soundData\ㄇㄧㄠ˙.mp3"
  removed 0.28KB
File "E:\我的文件\桌面\五上第十一課\soundData\ㄇㄧㄡ.mp3"
  removed 0.28KB
File "E:\我的文件\桌面\五上第十一課\soundData\ㄇㄧㄡˋ.mp3"
File "E:\我的文件\桌面\五上第十一課\soundData\ㄇㄧㄡˊ.mp3"
  removed 0.28KB
File "E:\我的文件\桌面\五上第十一課\soundData\ㄇㄧㄡˇ.mp3"
  removed 0.28KB
File "E:\我的文件\桌面\五上第十一課\soundData\ㄇㄧㄡ˙.mp3"
  removed 0.28KB
File "E:\我的文件\桌面\五上第十一課\soundData\ㄇㄧㄢ.mp3"
  removed 0.28KB
File "E:\我的文件\桌面\五上第十一課\soundData\ㄇㄧㄢˋ.mp3"
File "E:\我的文件\桌面\五上第十一課\soundData\ㄇㄧㄢˊ.mp3"
File "E:\我的文件\桌面\五上第十一課\soundData\ㄇㄧㄢˇ.mp3"
File "E:\我的文件\桌面\五上第十一課\soundData\ㄇㄧㄢ˙.mp3"
  removed 0.28KB
File "E:\我的文件\桌面\五上第十一課\soundData\ㄇㄧㄣ.mp3"
  removed 0.28KB
File "E:\我的文件\桌面\五上第十一課\soundData\ㄇㄧㄣˋ.mp3"
  removed 0.28KB
File "E:\我的文件\桌面\五上第十一課\soundData\ㄇㄧㄣˊ.mp3"
File "E:\我的文件\桌面\五上第十一課\soundData\ㄇㄧㄣˇ.mp3"
File "E:\我的文件\桌面\五上第十一課\soundData\ㄇㄧㄣ˙.mp3"
  removed 0.28KB
File "E:\我的文件\桌面\五上第十一課\soundData\ㄇㄧㄥ.mp3"
  removed 0.28KB
File "E:\我的文件\桌面\五上第十一課\soundData\ㄇㄧㄥˋ.mp3"
File "E:\我的文件\桌面\五上第十一課\soundData\ㄇㄧㄥˊ.mp3"
File "E:\我的文件\桌面\五上第十一課\soundData\ㄇㄧㄥˇ.mp3"
  removed 0.28KB
File "E:\我的文件\桌面\五上第十一課\soundData\ㄇㄧㄥ˙.mp3"
  removed 0.28KB
File "E:\我的文件\桌面\五上第十一課\soundData\ㄇㄨ.mp3"
  removed 0.28KB
File "E:\我的文件\桌面\五上第十一課\soundData\ㄇㄨˋ.mp3"
File "E:\我的文件\桌面\五上第十一課\soundData\ㄇㄨˊ.mp3"
File "E:\我的文件\桌面\五上第十一課\soundData\ㄇㄨˇ.mp3"
File "E:\我的文件\桌面\五上第十一課\soundData\ㄇㄨ˙.mp3"
  removed 0.28KB
File "E:\我的文件\桌面\五上第十一課\soundData\ㄈ.mp3"
File "E:\我的文件\桌面\五上第十一課\soundData\ㄈˋ.mp3"
File "E:\我的文件\桌面\五上第十一課\soundData\ㄈˊ.mp3"
File "E:\我的文件\桌面\五上第十一課\soundData\ㄈˇ.mp3"
  removed 1 frame(s) (0.0s)
  removed 0.41KB
File "E:\我的文件\桌面\五上第十一課\soundData\ㄈ˙.mp3"
File "E:\我的文件\桌面\五上第十一課\soundData\ㄈㄚ.mp3"
  removed 1 frame(s) (0.0s)
  removed 0.41KB
File "E:\我的文件\桌面\五上第十一課\soundData\ㄈㄚˋ.mp3"
  removed 1 frame(s) (0.0s)
  removed 0.41KB
File "E:\我的文件\桌面\五上第十一課\soundData\ㄈㄚˊ.mp3"
  removed 1 frame(s) (0.0s)
  removed 0.41KB
File "E:\我的文件\桌面\五上第十一課\soundData\ㄈㄚˇ.mp3"
  removed 1 frame(s) (0.0s)
  removed 0.41KB
File "E:\我的文件\桌面\五上第十一課\soundData\ㄈㄚ˙.mp3"
  removed 0.49KB
File "E:\我的文件\桌面\五上第十一課\soundData\ㄈㄛ.mp3"
  removed 0.11KB
File "E:\我的文件\桌面\五上第十一課\soundData\ㄈㄛˋ.mp3"
  removed 0.11KB
File "E:\我的文件\桌面\五上第十一課\soundData\ㄈㄛˊ.mp3"
  removed 1 frame(s) (0.0s)
  removed 0.41KB
File "E:\我的文件\桌面\五上第十一課\soundData\ㄈㄛˇ.mp3"
  removed 0.11KB
File "E:\我的文件\桌面\五上第十一課\soundData\ㄈㄛ˙.mp3"
  removed 0.11KB
File "E:\我的文件\桌面\五上第十一課\soundData\ㄈㄟ.mp3"
  removed 1 frame(s) (0.0s)
  removed 0.41KB
File "E:\我的文件\桌面\五上第十一課\soundData\ㄈㄟˋ.mp3"
  removed 1 frame(s) (0.0s)
  removed 0.41KB
File "E:\我的文件\桌面\五上第十一課\soundData\ㄈㄟˊ.mp3"
  removed 1 frame(s) (0.0s)
  removed 0.41KB
File "E:\我的文件\桌面\五上第十一課\soundData\ㄈㄟˇ.mp3"
  removed 1 frame(s) (0.0s)
  removed 0.41KB
File "E:\我的文件\桌面\五上第十一課\soundData\ㄈㄟ˙.mp3"
  removed 0.49KB
File "E:\我的文件\桌面\五上第十一課\soundData\ㄈㄡ.mp3"
  removed 1 frame(s) (0.0s)
  removed 0.41KB
File "E:\我的文件\桌面\五上第十一課\soundData\ㄈㄡˋ.mp3"
  removed 0.49KB
File "E:\我的文件\桌面\五上第十一課\soundData\ㄈㄡˊ.mp3"
  removed 1 frame(s) (0.0s)
  removed 0.41KB
File "E:\我的文件\桌面\五上第十一課\soundData\ㄈㄡˇ.mp3"
  removed 1 frame(s) (0.0s)
  removed 0.41KB
File "E:\我的文件\桌面\五上第十一課\soundData\ㄈㄡ˙.mp3"
  removed 0.49KB
File "E:\我的文件\桌面\五上第十一課\soundData\ㄈㄢ.mp3"
  removed 1 frame(s) (0.0s)
  removed 0.41KB
File "E:\我的文件\桌面\五上第十一課\soundData\ㄈㄢˋ.mp3"
  removed 1 frame(s) (0.0s)
  removed 0.41KB
File "E:\我的文件\桌面\五上第十一課\soundData\ㄈㄢˊ.mp3"
  removed 1 frame(s) (0.0s)
  removed 0.41KB
File "E:\我的文件\桌面\五上第十一課\soundData\ㄈㄢˇ.mp3"
  removed 1 frame(s) (0.0s)
  removed 0.41KB
File "E:\我的文件\桌面\五上第十一課\soundData\ㄈㄢ˙.mp3"
  removed 0.49KB
File "E:\我的文件\桌面\五上第十一課\soundData\ㄈㄣ.mp3"
  removed 1 frame(s) (0.0s)
  removed 0.41KB
File "E:\我的文件\桌面\五上第十一課\soundData\ㄈㄣˋ.mp3"
  removed 1 frame(s) (0.0s)
  removed 0.41KB
File "E:\我的文件\桌面\五上第十一課\soundData\ㄈㄣˊ.mp3"
  removed 1 frame(s) (0.0s)
  removed 0.41KB
File "E:\我的文件\桌面\五上第十一課\soundData\ㄈㄣˇ.mp3"
  removed 1 frame(s) (0.0s)
  removed 0.41KB
File "E:\我的文件\桌面\五上第十一課\soundData\ㄈㄣ˙.mp3"
  removed 1 frame(s) (0.0s)
  removed 0.41KB
File "E:\我的文件\桌面\五上第十一課\soundData\ㄈㄤ.mp3"
  removed 1 frame(s) (0.0s)
  removed 0.41KB
File "E:\我的文件\桌面\五上第十一課\soundData\ㄈㄤˋ.mp3"
  removed 1 frame(s) (0.0s)
  removed 0.41KB
File "E:\我的文件\桌面\五上第十一課\soundData\ㄈㄤˊ.mp3"
  removed 1 frame(s) (0.0s)
  removed 0.41KB
File "E:\我的文件\桌面\五上第十一課\soundData\ㄈㄤˇ.mp3"
  removed 1 frame(s) (0.0s)
  removed 0.41KB
File "E:\我的文件\桌面\五上第十一課\soundData\ㄈㄤ˙.mp3"
  removed 0.49KB
File "E:\我的文件\桌面\五上第十一課\soundData\ㄈㄥ.mp3"
  removed 1 frame(s) (0.0s)
  removed 0.41KB
File "E:\我的文件\桌面\五上第十一課\soundData\ㄈㄥˋ.mp3"
  removed 1 frame(s) (0.0s)
  removed 0.41KB
File "E:\我的文件\桌面\五上第十一課\soundData\ㄈㄥˊ.mp3"
  removed 1 frame(s) (0.0s)
  removed 0.41KB
File "E:\我的文件\桌面\五上第十一課\soundData\ㄈㄥˇ.mp3"
File "E:\我的文件\桌面\五上第十一課\soundData\ㄈㄥ˙.mp3"
  removed 0.16KB
File "E:\我的文件\桌面\五上第十一課\soundData\ㄈㄨ.mp3"
File "E:\我的文件\桌面\五上第十一課\soundData\ㄈㄨˋ.mp3"
File "E:\我的文件\桌面\五上第十一課\soundData\ㄈㄨˊ.mp3"
File "E:\我的文件\桌面\五上第十一課\soundData\ㄈㄨˇ.mp3"
File "E:\我的文件\桌面\五上第十一課\soundData\ㄈㄨ˙.mp3"
  removed 0.28KB
File "E:\我的文件\桌面\五上第十一課\soundData\ㄉ.mp3"
File "E:\我的文件\桌面\五上第十一課\soundData\ㄉˋ.mp3"
File "E:\我的文件\桌面\五上第十一課\soundData\ㄉˊ.mp3"
File "E:\我的文件\桌面\五上第十一課\soundData\ㄉˇ.mp3"
File "E:\我的文件\桌面\五上第十一課\soundData\ㄉ˙.mp3"
File "E:\我的文件\桌面\五上第十一課\soundData\ㄉㄚ.mp3"
  removed 1 frame(s) (0.0s)
  removed 0.41KB
File "E:\我的文件\桌面\五上第十一課\soundData\ㄉㄚˋ.mp3"
  removed 1 frame(s) (0.0s)
  removed 0.41KB
File "E:\我的文件\桌面\五上第十一課\soundData\ㄉㄚˊ.mp3"
  removed 1 frame(s) (0.0s)
  removed 0.41KB
File "E:\我的文件\桌面\五上第十一課\soundData\ㄉㄚˇ.mp3"
  removed 1 frame(s) (0.0s)
  removed 0.41KB
File "E:\我的文件\桌面\五上第十一課\soundData\ㄉㄚ˙.mp3"
  removed 0.49KB
File "E:\我的文件\桌面\五上第十一課\soundData\ㄉㄜ.mp3"
  removed 0.49KB
File "E:\我的文件\桌面\五上第十一課\soundData\ㄉㄜˋ.mp3"
  removed 0.49KB
File "E:\我的文件\桌面\五上第十一課\soundData\ㄉㄜˊ.mp3"
  removed 1 frame(s) (0.0s)
  removed 0.41KB
File "E:\我的文件\桌面\五上第十一課\soundData\ㄉㄜˇ.mp3"
  removed 0.49KB
File "E:\我的文件\桌面\五上第十一課\soundData\ㄉㄜ˙.mp3"
  removed 1 frame(s) (0.0s)
  removed 0.41KB
File "E:\我的文件\桌面\五上第十一課\soundData\ㄉㄞ.mp3"
  removed 1 frame(s) (0.0s)
  removed 0.41KB
File "E:\我的文件\桌面\五上第十一課\soundData\ㄉㄞˋ.mp3"
  removed 1 frame(s) (0.0s)
  removed 0.41KB
File "E:\我的文件\桌面\五上第十一課\soundData\ㄉㄞˊ.mp3"
  removed 0.49KB
File "E:\我的文件\桌面\五上第十一課\soundData\ㄉㄞˇ.mp3"
  removed 1 frame(s) (0.0s)
  removed 0.41KB
File "E:\我的文件\桌面\五上第十一課\soundData\ㄉㄞ˙.mp3"
  removed 0.49KB
File "E:\我的文件\桌面\五上第十一課\soundData\ㄉㄟ.mp3"
  removed 0.49KB
File "E:\我的文件\桌面\五上第十一課\soundData\ㄉㄟˋ.mp3"
  removed 0.49KB
File "E:\我的文件\桌面\五上第十一課\soundData\ㄉㄟˊ.mp3"
  removed 0.49KB
File "E:\我的文件\桌面\五上第十一課\soundData\ㄉㄟˇ.mp3"
  removed 1 frame(s) (0.0s)
  removed 0.41KB
File "E:\我的文件\桌面\五上第十一課\soundData\ㄉㄟ˙.mp3"
  removed 0.49KB
File "E:\我的文件\桌面\五上第十一課\soundData\ㄉㄠ.mp3"
  removed 1 frame(s) (0.0s)
  removed 0.41KB
File "E:\我的文件\桌面\五上第十一課\soundData\ㄉㄠˋ.mp3"
  removed 1 frame(s) (0.0s)
  removed 0.41KB
File "E:\我的文件\桌面\五上第十一課\soundData\ㄉㄠˊ.mp3"
  removed 1 frame(s) (0.0s)
  removed 0.41KB
File "E:\我的文件\桌面\五上第十一課\soundData\ㄉㄠˇ.mp3"
  removed 1 frame(s) (0.0s)
  removed 0.41KB
File "E:\我的文件\桌面\五上第十一課\soundData\ㄉㄠ˙.mp3"
  removed 0.49KB
File "E:\我的文件\桌面\五上第十一課\soundData\ㄉㄡ.mp3"
  removed 1 frame(s) (0.0s)
  removed 0.41KB
File "E:\我的文件\桌面\五上第十一課\soundData\ㄉㄡˋ.mp3"
  removed 1 frame(s) (0.0s)
  removed 0.41KB
File "E:\我的文件\桌面\五上第十一課\soundData\ㄉㄡˊ.mp3"
  removed 0.49KB
File "E:\我的文件\桌面\五上第十一課\soundData\ㄉㄡˇ.mp3"
  removed 1 frame(s) (0.0s)
  removed 0.41KB
File "E:\我的文件\桌面\五上第十一課\soundData\ㄉㄡ˙.mp3"
  removed 0.49KB
File "E:\我的文件\桌面\五上第十一課\soundData\ㄉㄢ.mp3"
  removed 1 frame(s) (0.0s)
  removed 0.41KB
File "E:\我的文件\桌面\五上第十一課\soundData\ㄉㄢˋ.mp3"
  removed 1 frame(s) (0.0s)
  removed 0.41KB
File "E:\我的文件\桌面\五上第十一課\soundData\ㄉㄢˊ.mp3"
  removed 0.49KB
File "E:\我的文件\桌面\五上第十一課\soundData\ㄉㄢˇ.mp3"
  removed 1 frame(s) (0.0s)
  removed 0.41KB
File "E:\我的文件\桌面\五上第十一課\soundData\ㄉㄢ˙.mp3"
  removed 0.49KB
File "E:\我的文件\桌面\五上第十一課\soundData\ㄉㄤ.mp3"
  removed 1 frame(s) (0.0s)
  removed 0.41KB
File "E:\我的文件\桌面\五上第十一課\soundData\ㄉㄤˋ.mp3"
  removed 1 frame(s) (0.0s)
  removed 0.41KB
File "E:\我的文件\桌面\五上第十一課\soundData\ㄉㄤˊ.mp3"
  removed 0.49KB
File "E:\我的文件\桌面\五上第十一課\soundData\ㄉㄤˇ.mp3"
  removed 1 frame(s) (0.0s)
  removed 0.41KB
File "E:\我的文件\桌面\五上第十一課\soundData\ㄉㄤ˙.mp3"
  removed 0.49KB
File "E:\我的文件\桌面\五上第十一課\soundData\ㄉㄥ.mp3"
  removed 1 frame(s) (0.0s)
  removed 0.41KB
File "E:\我的文件\桌面\五上第十一課\soundData\ㄉㄥˋ.mp3"
  removed 1 frame(s) (0.0s)
  removed 0.41KB
File "E:\我的文件\桌面\五上第十一課\soundData\ㄉㄥˊ.mp3"
  removed 0.16KB
File "E:\我的文件\桌面\五上第十一課\soundData\ㄉㄥˇ.mp3"
  removed 1 frame(s) (0.0s)
  removed 0.41KB
File "E:\我的文件\桌面\五上第十一課\soundData\ㄉㄥ˙.mp3"
  removed 0.15KB
File "E:\我的文件\桌面\五上第十一課\soundData\ㄉㄧ.mp3"
  removed 1 frame(s) (0.0s)
  removed 0.41KB
File "E:\我的文件\桌面\五上第十一課\soundData\ㄉㄧˋ.mp3"
  removed 1 frame(s) (0.0s)
  removed 0.41KB
File "E:\我的文件\桌面\五上第十一課\soundData\ㄉㄧˊ.mp3"
  removed 1 frame(s) (0.0s)
  removed 0.41KB
File "E:\我的文件\桌面\五上第十一課\soundData\ㄉㄧˇ.mp3"
File "E:\我的文件\桌面\五上第十一課\soundData\ㄉㄧ˙.mp3"
  removed 1 frame(s) (0.0s)
  removed 0.41KB
File "E:\我的文件\桌面\五上第十一課\soundData\ㄉㄧㄝ.mp3"
  removed 1 frame(s) (0.0s)
  removed 0.41KB
File "E:\我的文件\桌面\五上第十一課\soundData\ㄉㄧㄝˋ.mp3"
  removed 0.28KB
File "E:\我的文件\桌面\五上第十一課\soundData\ㄉㄧㄝˊ.mp3"
  removed 1 frame(s) (0.0s)
  removed 0.41KB
File "E:\我的文件\桌面\五上第十一課\soundData\ㄉㄧㄝˇ.mp3"
  removed 0.28KB
File "E:\我的文件\桌面\五上第十一課\soundData\ㄉㄧㄝ˙.mp3"
  removed 1 frame(s) (0.0s)
  removed 0.41KB
File "E:\我的文件\桌面\五上第十一課\soundData\ㄉㄧㄠ.mp3"
  removed 1 frame(s) (0.0s)
  removed 0.41KB
File "E:\我的文件\桌面\五上第十一課\soundData\ㄉㄧㄠˋ.mp3"
  removed 1 frame(s) (0.0s)
  removed 0.41KB
File "E:\我的文件\桌面\五上第十一課\soundData\ㄉㄧㄠˊ.mp3"
  removed 0.28KB
File "E:\我的文件\桌面\五上第十一課\soundData\ㄉㄧㄠˇ.mp3"
  removed 1 frame(s) (0.0s)
  removed 0.41KB
File "E:\我的文件\桌面\五上第十一課\soundData\ㄉㄧㄠ˙.mp3"
  removed 0.28KB
File "E:\我的文件\桌面\五上第十一課\soundData\ㄉㄧㄡ.mp3"
  removed 1 frame(s) (0.0s)
  removed 0.41KB
File "E:\我的文件\桌面\五上第十一課\soundData\ㄉㄧㄡˋ.mp3"
  removed 0.28KB
File "E:\我的文件\桌面\五上第十一課\soundData\ㄉㄧㄡˊ.mp3"
  removed 0.28KB
File "E:\我的文件\桌面\五上第十一課\soundData\ㄉㄧㄡˇ.mp3"
  removed 0.28KB
File "E:\我的文件\桌面\五上第十一課\soundData\ㄉㄧㄡ˙.mp3"
  removed 0.28KB
File "E:\我的文件\桌面\五上第十一課\soundData\ㄉㄧㄢ.mp3"
  removed 1 frame(s) (0.0s)
  removed 0.41KB
File "E:\我的文件\桌面\五上第十一課\soundData\ㄉㄧㄢˋ.mp3"
  removed 1 frame(s) (0.0s)
  removed 0.41KB
File "E:\我的文件\桌面\五上第十一課\soundData\ㄉㄧㄢˊ.mp3"
  removed 0.28KB
File "E:\我的文件\桌面\五上第十一課\soundData\ㄉㄧㄢˇ.mp3"
  removed 1 frame(s) (0.0s)
  removed 0.41KB
File "E:\我的文件\桌面\五上第十一課\soundData\ㄉㄧㄢ˙.mp3"
  removed 0.28KB
File "E:\我的文件\桌面\五上第十一課\soundData\ㄉㄧㄤ.mp3"
  removed 1 frame(s) (0.0s)
  removed 0.41KB
File "E:\我的文件\桌面\五上第十一課\soundData\ㄉㄧㄥ.mp3"
  removed 1 frame(s) (0.0s)
  removed 0.41KB
File "E:\我的文件\桌面\五上第十一課\soundData\ㄉㄧㄥˋ.mp3"
  removed 1 frame(s) (0.0s)
  removed 0.41KB
File "E:\我的文件\桌面\五上第十一課\soundData\ㄉㄧㄥˊ.mp3"
  removed 0.28KB
File "E:\我的文件\桌面\五上第十一課\soundData\ㄉㄧㄥˇ.mp3"
  removed 1 frame(s) (0.0s)
  removed 0.41KB
File "E:\我的文件\桌面\五上第十一課\soundData\ㄉㄧㄥ˙.mp3"
  removed 0.28KB
File "E:\我的文件\桌面\五上第十一課\soundData\ㄉㄨ.mp3"
  removed 1 frame(s) (0.0s)
  removed 0.41KB
File "E:\我的文件\桌面\五上第十一課\soundData\ㄉㄨˋ.mp3"
  removed 1 frame(s) (0.0s)
  removed 0.41KB
File "E:\我的文件\桌面\五上第十一課\soundData\ㄉㄨˊ.mp3"
  removed 1 frame(s) (0.0s)
  removed 0.41KB
File "E:\我的文件\桌面\五上第十一課\soundData\ㄉㄨˇ.mp3"
  removed 1 frame(s) (0.0s)
  removed 0.41KB
File "E:\我的文件\桌面\五上第十一課\soundData\ㄉㄨ˙.mp3"
  removed 0.28KB
File "E:\我的文件\桌面\五上第十一課\soundData\ㄉㄨㄛ.mp3"
  removed 1 frame(s) (0.0s)
  removed 0.41KB
File "E:\我的文件\桌面\五上第十一課\soundData\ㄉㄨㄛˋ.mp3"
  removed 1 frame(s) (0.0s)
  removed 0.41KB
File "E:\我的文件\桌面\五上第十一課\soundData\ㄉㄨㄛˊ.mp3"
  removed 1 frame(s) (0.0s)
  removed 0.41KB
File "E:\我的文件\桌面\五上第十一課\soundData\ㄉㄨㄛˇ.mp3"
  removed 1 frame(s) (0.0s)
  removed 0.41KB
File "E:\我的文件\桌面\五上第十一課\soundData\ㄉㄨㄛ˙.mp3"
  removed 1 frame(s) (0.0s)
  removed 0.41KB
File "E:\我的文件\桌面\五上第十一課\soundData\ㄉㄨㄟ.mp3"
  removed 1 frame(s) (0.0s)
  removed 0.41KB
File "E:\我的文件\桌面\五上第十一課\soundData\ㄉㄨㄟˋ.mp3"
  removed 1 frame(s) (0.0s)
  removed 0.41KB
File "E:\我的文件\桌面\五上第十一課\soundData\ㄉㄨㄟˊ.mp3"
  removed 1 frame(s) (0.0s)
  removed 0.41KB
File "E:\我的文件\桌面\五上第十一課\soundData\ㄉㄨㄟˇ.mp3"
  removed 1 frame(s) (0.0s)
  removed 0.41KB
File "E:\我的文件\桌面\五上第十一課\soundData\ㄉㄨㄟ˙.mp3"
  removed 0.28KB
File "E:\我的文件\桌面\五上第十一課\soundData\ㄉㄨㄢ.mp3"
  removed 1 frame(s) (0.0s)
  removed 0.41KB
File "E:\我的文件\桌面\五上第十一課\soundData\ㄉㄨㄢˋ.mp3"
  removed 1 frame(s) (0.0s)
  removed 0.41KB
File "E:\我的文件\桌面\五上第十一課\soundData\ㄉㄨㄢˊ.mp3"
  removed 0.11KB
File "E:\我的文件\桌面\五上第十一課\soundData\ㄉㄨㄢˇ.mp3"
  removed 1 frame(s) (0.0s)
  removed 0.41KB
File "E:\我的文件\桌面\五上第十一課\soundData\ㄉㄨㄢ˙.mp3"
  removed 0.11KB
File "E:\我的文件\桌面\五上第十一課\soundData\ㄉㄨㄣ.mp3"
  removed 1 frame(s) (0.0s)
  removed 0.41KB
File "E:\我的文件\桌面\五上第十一課\soundData\ㄉㄨㄣˋ.mp3"
  removed 1 frame(s) (0.0s)
  removed 0.41KB
File "E:\我的文件\桌面\五上第十一課\soundData\ㄉㄨㄣˊ.mp3"
  removed 0.28KB
File "E:\我的文件\桌面\五上第十一課\soundData\ㄉㄨㄣˇ.mp3"
File "E:\我的文件\桌面\五上第十一課\soundData\ㄉㄨㄣ˙.mp3"
  removed 0.28KB
File "E:\我的文件\桌面\五上第十一課\soundData\ㄉㄨㄥ.mp3"
  removed 1 frame(s) (0.0s)
  removed 0.41KB
File "E:\我的文件\桌面\五上第十一課\soundData\ㄉㄨㄥˋ.mp3"
  removed 1 frame(s) (0.0s)
  removed 0.41KB
File "E:\我的文件\桌面\五上第十一課\soundData\ㄉㄨㄥˊ.mp3"
  removed 0.28KB
File "E:\我的文件\桌面\五上第十一課\soundData\ㄉㄨㄥˇ.mp3"
  removed 1 frame(s) (0.0s)
  removed 0.41KB
File "E:\我的文件\桌面\五上第十一課\soundData\ㄉㄨㄥ˙.mp3"
  removed 0.28KB
File "E:\我的文件\桌面\五上第十一課\soundData\ㄊ.mp3"
File "E:\我的文件\桌面\五上第十一課\soundData\ㄊˋ.mp3"
File "E:\我的文件\桌面\五上第十一課\soundData\ㄊˊ.mp3"
File "E:\我的文件\桌面\五上第十一課\soundData\ㄊˇ.mp3"
File "E:\我的文件\桌面\五上第十一課\soundData\ㄊ˙.mp3"
File "E:\我的文件\桌面\五上第十一課\soundData\ㄊㄚ.mp3"
  removed 1 frame(s) (0.0s)
  removed 0.41KB
File "E:\我的文件\桌面\五上第十一課\soundData\ㄊㄚˋ.mp3"
  removed 1 frame(s) (0.0s)
  removed 0.41KB
File "E:\我的文件\桌面\五上第十一課\soundData\ㄊㄚˊ.mp3"
  removed 0.49KB
File "E:\我的文件\桌面\五上第十一課\soundData\ㄊㄚˇ.mp3"
  removed 1 frame(s) (0.0s)
  removed 0.41KB
File "E:\我的文件\桌面\五上第十一課\soundData\ㄊㄚ˙.mp3"
  removed 0.49KB
File "E:\我的文件\桌面\五上第十一課\soundData\ㄊㄜ.mp3"
  removed 1 frame(s) (0.0s)
  removed 0.41KB
File "E:\我的文件\桌面\五上第十一課\soundData\ㄊㄜˋ.mp3"
  removed 1 frame(s) (0.0s)
  removed 0.41KB
File "E:\我的文件\桌面\五上第十一課\soundData\ㄊㄜˊ.mp3"
  removed 0.49KB
File "E:\我的文件\桌面\五上第十一課\soundData\ㄊㄜˇ.mp3"
  removed 0.49KB
File "E:\我的文件\桌面\五上第十一課\soundData\ㄊㄜ˙.mp3"
  removed 0.49KB
File "E:\我的文件\桌面\五上第十一課\soundData\ㄊㄞ.mp3"
  removed 1 frame(s) (0.0s)
  removed 0.41KB
File "E:\我的文件\桌面\五上第十一課\soundData\ㄊㄞˋ.mp3"
  removed 1 frame(s) (0.0s)
  removed 0.41KB
File "E:\我的文件\桌面\五上第十一課\soundData\ㄊㄞˊ.mp3"
  removed 1 frame(s) (0.0s)
  removed 0.41KB
File "E:\我的文件\桌面\五上第十一課\soundData\ㄊㄞˇ.mp3"
  removed 0.49KB
File "E:\我的文件\桌面\五上第十一課\soundData\ㄊㄞ˙.mp3"
  removed 1 frame(s) (0.0s)
  removed 0.41KB
File "E:\我的文件\桌面\五上第十一課\soundData\ㄊㄠ.mp3"
  removed 1 frame(s) (0.0s)
  removed 0.41KB
File "E:\我的文件\桌面\五上第十一課\soundData\ㄊㄠˋ.mp3"
  removed 1 frame(s) (0.0s)
  removed 0.41KB
File "E:\我的文件\桌面\五上第十一課\soundData\ㄊㄠˊ.mp3"
  removed 1 frame(s) (0.0s)
  removed 0.41KB
File "E:\我的文件\桌面\五上第十一課\soundData\ㄊㄠˇ.mp3"
  removed 1 frame(s) (0.0s)
  removed 0.41KB
File "E:\我的文件\桌面\五上第十一課\soundData\ㄊㄠ˙.mp3"
  removed 0.49KB
File "E:\我的文件\桌面\五上第十一課\soundData\ㄊㄡ.mp3"
  removed 1 frame(s) (0.0s)
  removed 0.41KB
File "E:\我的文件\桌面\五上第十一課\soundData\ㄊㄡˋ.mp3"
  removed 1 frame(s) (0.0s)
  removed 0.41KB
File "E:\我的文件\桌面\五上第十一課\soundData\ㄊㄡˊ.mp3"
  removed 1 frame(s) (0.0s)
  removed 0.41KB
File "E:\我的文件\桌面\五上第十一課\soundData\ㄊㄡˇ.mp3"
  removed 1 frame(s) (0.0s)
  removed 0.41KB
File "E:\我的文件\桌面\五上第十一課\soundData\ㄊㄡ˙.mp3"
  removed 1 frame(s) (0.0s)
  removed 0.41KB
File "E:\我的文件\桌面\五上第十一課\soundData\ㄊㄢ.mp3"
  removed 1 frame(s) (0.0s)
  removed 0.41KB
File "E:\我的文件\桌面\五上第十一課\soundData\ㄊㄢˋ.mp3"
  removed 1 frame(s) (0.0s)
  removed 0.41KB
File "E:\我的文件\桌面\五上第十一課\soundData\ㄊㄢˊ.mp3"
  removed 1 frame(s) (0.0s)
  removed 0.41KB
File "E:\我的文件\桌面\五上第十一課\soundData\ㄊㄢˇ.mp3"
  removed 1 frame(s) (0.0s)
  removed 0.41KB
File "E:\我的文件\桌面\五上第十一課\soundData\ㄊㄢ˙.mp3"
  removed 0.49KB
File "E:\我的文件\桌面\五上第十一課\soundData\ㄊㄤ.mp3"
  removed 1 frame(s) (0.0s)
  removed 0.41KB
File "E:\我的文件\桌面\五上第十一課\soundData\ㄊㄤˋ.mp3"
  removed 1 frame(s) (0.0s)
  removed 0.41KB
File "E:\我的文件\桌面\五上第十一課\soundData\ㄊㄤˊ.mp3"
  removed 1 frame(s) (0.0s)
  removed 0.41KB
File "E:\我的文件\桌面\五上第十一課\soundData\ㄊㄤˇ.mp3"
  removed 1 frame(s) (0.0s)
  removed 0.41KB
File "E:\我的文件\桌面\五上第十一課\soundData\ㄊㄤ˙.mp3"
  removed 0.49KB
File "E:\我的文件\桌面\五上第十一課\soundData\ㄊㄥ.mp3"
  removed 0.16KB
File "E:\我的文件\桌面\五上第十一課\soundData\ㄊㄥˋ.mp3"
  removed 0.16KB
File "E:\我的文件\桌面\五上第十一課\soundData\ㄊㄥˊ.mp3"
  removed 1 frame(s) (0.0s)
  removed 0.41KB
File "E:\我的文件\桌面\五上第十一課\soundData\ㄊㄥˇ.mp3"
  removed 0.15KB
File "E:\我的文件\桌面\五上第十一課\soundData\ㄊㄥ˙.mp3"
  removed 0.49KB
File "E:\我的文件\桌面\五上第十一課\soundData\ㄊㄧ.mp3"
  removed 1 frame(s) (0.0s)
  removed 0.41KB
File "E:\我的文件\桌面\五上第十一課\soundData\ㄊㄧˋ.mp3"
  removed 1 frame(s) (0.0s)
  removed 0.41KB
File "E:\我的文件\桌面\五上第十一課\soundData\ㄊㄧˊ.mp3"
  removed 1 frame(s) (0.0s)
  removed 0.41KB
File "E:\我的文件\桌面\五上第十一課\soundData\ㄊㄧˇ.mp3"
  removed 1 frame(s) (0.0s)
  removed 0.41KB
File "E:\我的文件\桌面\五上第十一課\soundData\ㄊㄧ˙.mp3"
  removed 0.28KB
File "E:\我的文件\桌面\五上第十一課\soundData\ㄊㄧㄝ.mp3"
  removed 1 frame(s) (0.0s)
  removed 0.41KB
File "E:\我的文件\桌面\五上第十一課\soundData\ㄊㄧㄝˋ.mp3"
  removed 1 frame(s) (0.0s)
  removed 0.41KB
File "E:\我的文件\桌面\五上第十一課\soundData\ㄊㄧㄝˊ.mp3"
  removed 0.28KB
File "E:\我的文件\桌面\五上第十一課\soundData\ㄊㄧㄝˇ.mp3"
  removed 1 frame(s) (0.0s)
  removed 0.41KB
File "E:\我的文件\桌面\五上第十一課\soundData\ㄊㄧㄝ˙.mp3"
  removed 0.28KB
File "E:\我的文件\桌面\五上第十一課\soundData\ㄊㄧㄠ.mp3"
  removed 1 frame(s) (0.0s)
  removed 0.41KB
File "E:\我的文件\桌面\五上第十一課\soundData\ㄊㄧㄠˋ.mp3"
  removed 1 frame(s) (0.0s)
  removed 0.41KB
File "E:\我的文件\桌面\五上第十一課\soundData\ㄊㄧㄠˊ.mp3"
  removed 1 frame(s) (0.0s)
  removed 0.41KB
File "E:\我的文件\桌面\五上第十一課\soundData\ㄊㄧㄠˇ.mp3"
  removed 1 frame(s) (0.0s)
  removed 0.41KB
File "E:\我的文件\桌面\五上第十一課\soundData\ㄊㄧㄠ˙.mp3"
  removed 0.28KB
File "E:\我的文件\桌面\五上第十一課\soundData\ㄊㄧㄢ.mp3"
  removed 1 frame(s) (0.0s)
  removed 0.41KB
File "E:\我的文件\桌面\五上第十一課\soundData\ㄊㄧㄢˋ.mp3"
  removed 1 frame(s) (0.0s)
  removed 0.41KB
File "E:\我的文件\桌面\五上第十一課\soundData\ㄊㄧㄢˊ.mp3"
  removed 1 frame(s) (0.0s)
  removed 0.41KB
File "E:\我的文件\桌面\五上第十一課\soundData\ㄊㄧㄢˇ.mp3"
  removed 1 frame(s) (0.0s)
  removed 0.41KB
File "E:\我的文件\桌面\五上第十一課\soundData\ㄊㄧㄢ˙.mp3"
  removed 0.28KB
File "E:\我的文件\桌面\五上第十一課\soundData\ㄊㄧㄥ.mp3"
  removed 1 frame(s) (0.0s)
  removed 0.41KB
File "E:\我的文件\桌面\五上第十一課\soundData\ㄊㄧㄥˋ.mp3"
File "E:\我的文件\桌面\五上第十一課\soundData\ㄊㄧㄥˊ.mp3"
  removed 1 frame(s) (0.0s)
  removed 0.41KB
File "E:\我的文件\桌面\五上第十一課\soundData\ㄊㄧㄥˇ.mp3"
  removed 1 frame(s) (0.0s)
  removed 0.41KB
File "E:\我的文件\桌面\五上第十一課\soundData\ㄊㄧㄥ˙.mp3"
File "E:\我的文件\桌面\五上第十一課\soundData\ㄊㄨ.mp3"
  removed 1 frame(s) (0.0s)
  removed 0.41KB
File "E:\我的文件\桌面\五上第十一課\soundData\ㄊㄨˋ.mp3"
  removed 1 frame(s) (0.0s)
  removed 0.41KB
File "E:\我的文件\桌面\五上第十一課\soundData\ㄊㄨˊ.mp3"
  removed 1 frame(s) (0.0s)
  removed 0.41KB
File "E:\我的文件\桌面\五上第十一課\soundData\ㄊㄨˇ.mp3"
  removed 1 frame(s) (0.0s)
  removed 0.41KB
File "E:\我的文件\桌面\五上第十一課\soundData\ㄊㄨ˙.mp3"
  removed 0.28KB
File "E:\我的文件\桌面\五上第十一課\soundData\ㄊㄨㄛ.mp3"
  removed 1 frame(s) (0.0s)
  removed 0.41KB
File "E:\我的文件\桌面\五上第十一課\soundData\ㄊㄨㄛˋ.mp3"
  removed 1 frame(s) (0.0s)
  removed 0.41KB
File "E:\我的文件\桌面\五上第十一課\soundData\ㄊㄨㄛˊ.mp3"
  removed 1 frame(s) (0.0s)
  removed 0.41KB
File "E:\我的文件\桌面\五上第十一課\soundData\ㄊㄨㄛˇ.mp3"
  removed 1 frame(s) (0.0s)
  removed 0.41KB
File "E:\我的文件\桌面\五上第十一課\soundData\ㄊㄨㄛ˙.mp3"
  removed 0.28KB
File "E:\我的文件\桌面\五上第十一課\soundData\ㄊㄨㄟ.mp3"
  removed 1 frame(s) (0.0s)
  removed 0.41KB
File "E:\我的文件\桌面\五上第十一課\soundData\ㄊㄨㄟˋ.mp3"
  removed 1 frame(s) (0.0s)
  removed 0.41KB
File "E:\我的文件\桌面\五上第十一課\soundData\ㄊㄨㄟˊ.mp3"
  removed 1 frame(s) (0.0s)
  removed 0.41KB
File "E:\我的文件\桌面\五上第十一課\soundData\ㄊㄨㄟˇ.mp3"
  removed 1 frame(s) (0.0s)
  removed 0.41KB
File "E:\我的文件\桌面\五上第十一課\soundData\ㄊㄨㄟ˙.mp3"
  removed 0.28KB
File "E:\我的文件\桌面\五上第十一課\soundData\ㄊㄨㄢ.mp3"
  removed 1 frame(s) (0.0s)
  removed 0.41KB
File "E:\我的文件\桌面\五上第十一課\soundData\ㄊㄨㄢˋ.mp3"
  removed 1 frame(s) (0.0s)
  removed 0.41KB
File "E:\我的文件\桌面\五上第十一課\soundData\ㄊㄨㄢˊ.mp3"
  removed 1 frame(s) (0.0s)
  removed 0.41KB
File "E:\我的文件\桌面\五上第十一課\soundData\ㄊㄨㄢˇ.mp3"
  removed 0.11KB
File "E:\我的文件\桌面\五上第十一課\soundData\ㄊㄨㄢ˙.mp3"
  removed 0.11KB
File "E:\我的文件\桌面\五上第十一課\soundData\ㄊㄨㄣ.mp3"
  removed 1 frame(s) (0.0s)
  removed 0.41KB
File "E:\我的文件\桌面\五上第十一課\soundData\ㄊㄨㄣˋ.mp3"
  removed 1 frame(s) (0.0s)
  removed 0.41KB
File "E:\我的文件\桌面\五上第十一課\soundData\ㄊㄨㄣˊ.mp3"
  removed 1 frame(s) (0.0s)
  removed 0.41KB
File "E:\我的文件\桌面\五上第十一課\soundData\ㄊㄨㄣˇ.mp3"
  removed 1 frame(s) (0.0s)
  removed 0.41KB
File "E:\我的文件\桌面\五上第十一課\soundData\ㄊㄨㄣ˙.mp3"
  removed 0.28KB
File "E:\我的文件\桌面\五上第十一課\soundData\ㄊㄨㄥ.mp3"
  removed 1 frame(s) (0.0s)
  removed 0.41KB
File "E:\我的文件\桌面\五上第十一課\soundData\ㄊㄨㄥˋ.mp3"
  removed 1 frame(s) (0.0s)
  removed 0.41KB
File "E:\我的文件\桌面\五上第十一課\soundData\ㄊㄨㄥˊ.mp3"
  removed 1 frame(s) (0.0s)
  removed 0.41KB
File "E:\我的文件\桌面\五上第十一課\soundData\ㄊㄨㄥˇ.mp3"
  removed 1 frame(s) (0.0s)
  removed 0.41KB
File "E:\我的文件\桌面\五上第十一課\soundData\ㄊㄨㄥ˙.mp3"
  removed 0.28KB
File "E:\我的文件\桌面\五上第十一課\soundData\ㄋ.mp3"
File "E:\我的文件\桌面\五上第十一課\soundData\ㄋˋ.mp3"
File "E:\我的文件\桌面\五上第十一課\soundData\ㄋˊ.mp3"
File "E:\我的文件\桌面\五上第十一課\soundData\ㄋˇ.mp3"
File "E:\我的文件\桌面\五上第十一課\soundData\ㄋ˙.mp3"
File "E:\我的文件\桌面\五上第十一課\soundData\ㄋㄚ.mp3"
  removed 1 frame(s) (0.0s)
  removed 0.41KB
File "E:\我的文件\桌面\五上第十一課\soundData\ㄋㄚˋ.mp3"
  removed 1 frame(s) (0.0s)
  removed 0.41KB
File "E:\我的文件\桌面\五上第十一課\soundData\ㄋㄚˊ.mp3"
  removed 1 frame(s) (0.0s)
  removed 0.41KB
File "E:\我的文件\桌面\五上第十一課\soundData\ㄋㄚˇ.mp3"
  removed 1 frame(s) (0.0s)
  removed 0.41KB
File "E:\我的文件\桌面\五上第十一課\soundData\ㄋㄚ˙.mp3"
  removed 1 frame(s) (0.0s)
  removed 0.41KB
File "E:\我的文件\桌面\五上第十一課\soundData\ㄋㄜ.mp3"
File "E:\我的文件\桌面\五上第十一課\soundData\ㄋㄜˋ.mp3"
  removed 1 frame(s) (0.0s)
  removed 0.41KB
File "E:\我的文件\桌面\五上第十一課\soundData\ㄋㄜˊ.mp3"
File "E:\我的文件\桌面\五上第十一課\soundData\ㄋㄜˇ.mp3"
  removed 1 frame(s) (0.0s)
  removed 0.61KB
File "E:\我的文件\桌面\五上第十一課\soundData\ㄋㄜ˙.mp3"
  removed 1 frame(s) (0.0s)
  removed 0.41KB
File "E:\我的文件\桌面\五上第十一課\soundData\ㄋㄞ.mp3"
  removed 0.49KB
File "E:\我的文件\桌面\五上第十一課\soundData\ㄋㄞˋ.mp3"
  removed 1 frame(s) (0.0s)
  removed 0.41KB
File "E:\我的文件\桌面\五上第十一課\soundData\ㄋㄞˊ.mp3"
  removed 0.49KB
File "E:\我的文件\桌面\五上第十一課\soundData\ㄋㄞˇ.mp3"
  removed 1 frame(s) (0.0s)
  removed 0.41KB
File "E:\我的文件\桌面\五上第十一課\soundData\ㄋㄞ˙.mp3"
  removed 1 frame(s) (0.0s)
  removed 0.41KB
File "E:\我的文件\桌面\五上第十一課\soundData\ㄋㄟ.mp3"
  removed 0.49KB
File "E:\我的文件\桌面\五上第十一課\soundData\ㄋㄟˋ.mp3"
  removed 1 frame(s) (0.0s)
  removed 0.41KB
File "E:\我的文件\桌面\五上第十一課\soundData\ㄋㄟˊ.mp3"
  removed 0.49KB
File "E:\我的文件\桌面\五上第十一課\soundData\ㄋㄟˇ.mp3"
  removed 1 frame(s) (0.0s)
  removed 0.41KB
File "E:\我的文件\桌面\五上第十一課\soundData\ㄋㄟ˙.mp3"
  removed 0.49KB
File "E:\我的文件\桌面\五上第十一課\soundData\ㄋㄠ.mp3"
  removed 1 frame(s) (0.0s)
  removed 0.41KB
File "E:\我的文件\桌面\五上第十一課\soundData\ㄋㄠˋ.mp3"
  removed 1 frame(s) (0.0s)
  removed 0.41KB
File "E:\我的文件\桌面\五上第十一課\soundData\ㄋㄠˊ.mp3"
  removed 1 frame(s) (0.0s)
  removed 0.41KB
File "E:\我的文件\桌面\五上第十一課\soundData\ㄋㄠˇ.mp3"
  removed 1 frame(s) (0.0s)
  removed 0.41KB
File "E:\我的文件\桌面\五上第十一課\soundData\ㄋㄠ˙.mp3"
  removed 0.49KB
File "E:\我的文件\桌面\五上第十一課\soundData\ㄋㄡ.mp3"
  removed 0.49KB
File "E:\我的文件\桌面\五上第十一課\soundData\ㄋㄡˋ.mp3"
  removed 1 frame(s) (0.0s)
  removed 0.41KB
File "E:\我的文件\桌面\五上第十一課\soundData\ㄋㄡˊ.mp3"
  removed 1 frame(s) (0.0s)
  removed 0.41KB
File "E:\我的文件\桌面\五上第十一課\soundData\ㄋㄡˇ.mp3"
  removed 0.49KB
File "E:\我的文件\桌面\五上第十一課\soundData\ㄋㄡ˙.mp3"
  removed 0.49KB
File "E:\我的文件\桌面\五上第十一課\soundData\ㄋㄢ.mp3"
  removed 1 frame(s) (0.0s)
  removed 0.41KB
File "E:\我的文件\桌面\五上第十一課\soundData\ㄋㄢˋ.mp3"
  removed 1 frame(s) (0.0s)
  removed 0.41KB
File "E:\我的文件\桌面\五上第十一課\soundData\ㄋㄢˊ.mp3"
  removed 1 frame(s) (0.0s)
  removed 0.41KB
File "E:\我的文件\桌面\五上第十一課\soundData\ㄋㄢˇ.mp3"
  removed 1 frame(s) (0.0s)
  removed 0.41KB
File "E:\我的文件\桌面\五上第十一課\soundData\ㄋㄢ˙.mp3"
  removed 0.49KB
File "E:\我的文件\桌面\五上第十一課\soundData\ㄋㄣˋ.mp3"
  removed 1 frame(s) (0.0s)
  removed 0.41KB
File "E:\我的文件\桌面\五上第十一課\soundData\ㄋㄤ.mp3"
  removed 0.49KB
File "E:\我的文件\桌面\五上第十一課\soundData\ㄋㄤˋ.mp3"
  removed 1 frame(s) (0.0s)
  removed 0.41KB
File "E:\我的文件\桌面\五上第十一課\soundData\ㄋㄤˊ.mp3"
  removed 1 frame(s) (0.0s)
  removed 0.41KB
File "E:\我的文件\桌面\五上第十一課\soundData\ㄋㄤˇ.mp3"
  removed 1 frame(s) (0.0s)
  removed 0.41KB
File "E:\我的文件\桌面\五上第十一課\soundData\ㄋㄤ˙.mp3"
  removed 1 frame(s) (0.0s)
  removed 0.41KB
File "E:\我的文件\桌面\五上第十一課\soundData\ㄋㄥ.mp3"
  removed 0.16KB
File "E:\我的文件\桌面\五上第十一課\soundData\ㄋㄥˋ.mp3"
  removed 0.16KB
File "E:\我的文件\桌面\五上第十一課\soundData\ㄋㄥˊ.mp3"
  removed 1 frame(s) (0.0s)
  removed 0.41KB
File "E:\我的文件\桌面\五上第十一課\soundData\ㄋㄥˇ.mp3"
  removed 0.15KB
File "E:\我的文件\桌面\五上第十一課\soundData\ㄋㄥ˙.mp3"
File "E:\我的文件\桌面\五上第十一課\soundData\ㄋㄧ.mp3"
  removed 0.28KB
File "E:\我的文件\桌面\五上第十一課\soundData\ㄋㄧˋ.mp3"
  removed 1 frame(s) (0.0s)
  removed 0.41KB
File "E:\我的文件\桌面\五上第十一課\soundData\ㄋㄧˊ.mp3"
  removed 1 frame(s) (0.0s)
  removed 0.41KB
File "E:\我的文件\桌面\五上第十一課\soundData\ㄋㄧˇ.mp3"
  removed 1 frame(s) (0.0s)
  removed 0.41KB
File "E:\我的文件\桌面\五上第十一課\soundData\ㄋㄧ˙.mp3"
  removed 0.28KB
File "E:\我的文件\桌面\五上第十一課\soundData\ㄋㄧㄝ.mp3"
  removed 1 frame(s) (0.0s)
  removed 0.41KB
File "E:\我的文件\桌面\五上第十一課\soundData\ㄋㄧㄝˋ.mp3"
  removed 1 frame(s) (0.0s)
  removed 0.41KB
File "E:\我的文件\桌面\五上第十一課\soundData\ㄋㄧㄝˊ.mp3"
  removed 0.28KB
File "E:\我的文件\桌面\五上第十一課\soundData\ㄋㄧㄝˇ.mp3"
  removed 0.28KB
File "E:\我的文件\桌面\五上第十一課\soundData\ㄋㄧㄝ˙.mp3"
  removed 0.28KB
File "E:\我的文件\桌面\五上第十一課\soundData\ㄋㄧㄠ.mp3"
  removed 0.28KB
File "E:\我的文件\桌面\五上第十一課\soundData\ㄋㄧㄠˋ.mp3"
  removed 1 frame(s) (0.0s)
  removed 0.41KB
File "E:\我的文件\桌面\五上第十一課\soundData\ㄋㄧㄠˊ.mp3"
  removed 0.28KB
File "E:\我的文件\桌面\五上第十一課\soundData\ㄋㄧㄠˇ.mp3"
  removed 1 frame(s) (0.0s)
  removed 0.41KB
File "E:\我的文件\桌面\五上第十一課\soundData\ㄋㄧㄠ˙.mp3"
  removed 0.28KB
File "E:\我的文件\桌面\五上第十一課\soundData\ㄋㄧㄡ.mp3"
  removed 1 frame(s) (0.0s)
  removed 0.41KB
File "E:\我的文件\桌面\五上第十一課\soundData\ㄋㄧㄡˋ.mp3"
  removed 1 frame(s) (0.0s)
  removed 0.41KB
File "E:\我的文件\桌面\五上第十一課\soundData\ㄋㄧㄡˊ.mp3"
  removed 1 frame(s) (0.0s)
  removed 0.41KB
File "E:\我的文件\桌面\五上第十一課\soundData\ㄋㄧㄡˇ.mp3"
  removed 1 frame(s) (0.0s)
  removed 0.41KB
File "E:\我的文件\桌面\五上第十一課\soundData\ㄋㄧㄡ˙.mp3"
  removed 0.28KB
File "E:\我的文件\桌面\五上第十一課\soundData\ㄋㄧㄢ.mp3"
  removed 1 frame(s) (0.0s)
  removed 0.41KB
File "E:\我的文件\桌面\五上第十一課\soundData\ㄋㄧㄢˋ.mp3"
  removed 1 frame(s) (0.0s)
  removed 0.41KB
File "E:\我的文件\桌面\五上第十一課\soundData\ㄋㄧㄢˊ.mp3"
  removed 1 frame(s) (0.0s)
  removed 0.41KB
File "E:\我的文件\桌面\五上第十一課\soundData\ㄋㄧㄢˇ.mp3"
File "E:\我的文件\桌面\五上第十一課\soundData\ㄋㄧㄢ˙.mp3"
  removed 0.28KB
File "E:\我的文件\桌面\五上第十一課\soundData\ㄋㄧㄣ.mp3"
  removed 0.28KB
File "E:\我的文件\桌面\五上第十一課\soundData\ㄋㄧㄣˋ.mp3"
  removed 0.28KB
File "E:\我的文件\桌面\五上第十一課\soundData\ㄋㄧㄣˊ.mp3"
  removed 1 frame(s) (0.0s)
  removed 0.41KB
File "E:\我的文件\桌面\五上第十一課\soundData\ㄋㄧㄣˇ.mp3"
  removed 0.28KB
File "E:\我的文件\桌面\五上第十一課\soundData\ㄋㄧㄣ˙.mp3"
  removed 0.28KB
File "E:\我的文件\桌面\五上第十一課\soundData\ㄋㄧㄤ.mp3"
  removed 0.28KB
File "E:\我的文件\桌面\五上第十一課\soundData\ㄋㄧㄤˋ.mp3"
  removed 1 frame(s) (0.0s)
  removed 0.41KB
File "E:\我的文件\桌面\五上第十一課\soundData\ㄋㄧㄤˊ.mp3"
  removed 1 frame(s) (0.0s)
  removed 0.41KB
File "E:\我的文件\桌面\五上第十一課\soundData\ㄋㄧㄤˇ.mp3"
  removed 0.28KB
File "E:\我的文件\桌面\五上第十一課\soundData\ㄋㄧㄤ˙.mp3"
  removed 1 frame(s) (0.0s)
  removed 0.41KB
File "E:\我的文件\桌面\五上第十一課\soundData\ㄋㄧㄥ.mp3"
  removed 0.28KB
File "E:\我的文件\桌面\五上第十一課\soundData\ㄋㄧㄥˋ.mp3"
  removed 1 frame(s) (0.0s)
  removed 0.41KB
File "E:\我的文件\桌面\五上第十一課\soundData\ㄋㄧㄥˊ.mp3"
  removed 1 frame(s) (0.0s)
  removed 0.41KB
File "E:\我的文件\桌面\五上第十一課\soundData\ㄋㄧㄥˇ.mp3"
  removed 1 frame(s) (0.0s)
  removed 0.41KB
File "E:\我的文件\桌面\五上第十一課\soundData\ㄋㄧㄥ˙.mp3"
  removed 0.28KB
File "E:\我的文件\桌面\五上第十一課\soundData\ㄋㄨ.mp3"
  removed 0.28KB
File "E:\我的文件\桌面\五上第十一課\soundData\ㄋㄨˋ.mp3"
  removed 1 frame(s) (0.0s)
  removed 0.41KB
File "E:\我的文件\桌面\五上第十一課\soundData\ㄋㄨˊ.mp3"
  removed 1 frame(s) (0.0s)
  removed 0.41KB
File "E:\我的文件\桌面\五上第十一課\soundData\ㄋㄨˇ.mp3"
  removed 1 frame(s) (0.0s)
  removed 0.41KB
File "E:\我的文件\桌面\五上第十一課\soundData\ㄋㄨ˙.mp3"
  removed 0.28KB
File "E:\我的文件\桌面\五上第十一課\soundData\ㄋㄨㄛ.mp3"
  removed 0.28KB
File "E:\我的文件\桌面\五上第十一課\soundData\ㄋㄨㄛˋ.mp3"
  removed 1 frame(s) (0.0s)
  removed 0.41KB
File "E:\我的文件\桌面\五上第十一課\soundData\ㄋㄨㄛˊ.mp3"
  removed 1 frame(s) (0.0s)
  removed 0.41KB
File "E:\我的文件\桌面\五上第十一課\soundData\ㄋㄨㄛˇ.mp3"
  removed 0.28KB
File "E:\我的文件\桌面\五上第十一課\soundData\ㄋㄨㄛ˙.mp3"
  removed 0.28KB
File "E:\我的文件\桌面\五上第十一課\soundData\ㄋㄨㄢ.mp3"
File "E:\我的文件\桌面\五上第十一課\soundData\ㄋㄨㄢˋ.mp3"
File "E:\我的文件\桌面\五上第十一課\soundData\ㄋㄨㄢˊ.mp3"
File "E:\我的文件\桌面\五上第十一課\soundData\ㄋㄨㄢˇ.mp3"
  removed 1 frame(s) (0.0s)
  removed 0.41KB
File "E:\我的文件\桌面\五上第十一課\soundData\ㄋㄨㄢ˙.mp3"
  removed 1 frame(s) (0.0s)
  removed 0.61KB
File "E:\我的文件\桌面\五上第十一課\soundData\ㄋㄨㄥ.mp3"
  removed 0.28KB
File "E:\我的文件\桌面\五上第十一課\soundData\ㄋㄨㄥˋ.mp3"
  removed 1 frame(s) (0.0s)
  removed 0.41KB
File "E:\我的文件\桌面\五上第十一課\soundData\ㄋㄨㄥˊ.mp3"
  removed 1 frame(s) (0.0s)
  removed 0.41KB
File "E:\我的文件\桌面\五上第十一課\soundData\ㄋㄨㄥˇ.mp3"
  removed 1 frame(s) (0.0s)
  removed 0.41KB
File "E:\我的文件\桌面\五上第十一課\soundData\ㄋㄨㄥ˙.mp3"
  removed 0.28KB
File "E:\我的文件\桌面\五上第十一課\soundData\ㄋㄩ.mp3"
  removed 0.28KB
File "E:\我的文件\桌面\五上第十一課\soundData\ㄋㄩˋ.mp3"
  removed 1 frame(s) (0.0s)
  removed 0.41KB
File "E:\我的文件\桌面\五上第十一課\soundData\ㄋㄩˊ.mp3"
  removed 0.28KB
File "E:\我的文件\桌面\五上第十一課\soundData\ㄋㄩˇ.mp3"
  removed 1 frame(s) (0.0s)
  removed 0.41KB
File "E:\我的文件\桌面\五上第十一課\soundData\ㄋㄩ˙.mp3"
  removed 1 frame(s) (0.0s)
  removed 0.41KB
File "E:\我的文件\桌面\五上第十一課\soundData\ㄋㄩㄝ.mp3"
  removed 0.28KB
File "E:\我的文件\桌面\五上第十一課\soundData\ㄋㄩㄝˋ.mp3"
  removed 1 frame(s) (0.0s)
  removed 0.41KB
File "E:\我的文件\桌面\五上第十一課\soundData\ㄋㄩㄝˊ.mp3"
  removed 0.28KB
File "E:\我的文件\桌面\五上第十一課\soundData\ㄋㄩㄝˇ.mp3"
  removed 0.28KB
File "E:\我的文件\桌面\五上第十一課\soundData\ㄋㄩㄝ˙.mp3"
  removed 0.28KB
File "E:\我的文件\桌面\五上第十一課\soundData\ㄌ.mp3"
File "E:\我的文件\桌面\五上第十一課\soundData\ㄌˋ.mp3"
File "E:\我的文件\桌面\五上第十一課\soundData\ㄌˊ.mp3"
File "E:\我的文件\桌面\五上第十一課\soundData\ㄌˇ.mp3"
File "E:\我的文件\桌面\五上第十一課\soundData\ㄌ˙.mp3"
File "E:\我的文件\桌面\五上第十一課\soundData\ㄌㄚ.mp3"
  removed 1 frame(s) (0.0s)
  removed 0.41KB
File "E:\我的文件\桌面\五上第十一課\soundData\ㄌㄚˋ.mp3"
  removed 1 frame(s) (0.0s)
  removed 0.41KB
File "E:\我的文件\桌面\五上第十一課\soundData\ㄌㄚˊ.mp3"
  removed 1 frame(s) (0.0s)
  removed 0.41KB
File "E:\我的文件\桌面\五上第十一課\soundData\ㄌㄚˇ.mp3"
  removed 1 frame(s) (0.0s)
  removed 0.41KB
File "E:\我的文件\桌面\五上第十一課\soundData\ㄌㄚ˙.mp3"
  removed 1 frame(s) (0.0s)
  removed 0.41KB
File "E:\我的文件\桌面\五上第十一課\soundData\ㄌㄛ˙.mp3"
  removed 1 frame(s) (0.0s)
  removed 0.41KB
File "E:\我的文件\桌面\五上第十一課\soundData\ㄌㄜ.mp3"
  removed 0.49KB
File "E:\我的文件\桌面\五上第十一課\soundData\ㄌㄜˋ.mp3"
  removed 1 frame(s) (0.0s)
  removed 0.41KB
File "E:\我的文件\桌面\五上第十一課\soundData\ㄌㄜˊ.mp3"
  removed 0.49KB
File "E:\我的文件\桌面\五上第十一課\soundData\ㄌㄜˇ.mp3"
  removed 0.49KB
File "E:\我的文件\桌面\五上第十一課\soundData\ㄌㄜ˙.mp3"
  removed 1 frame(s) (0.0s)
  removed 0.41KB
File "E:\我的文件\桌面\五上第十一課\soundData\ㄌㄞ.mp3"
  removed 0.49KB
File "E:\我的文件\桌面\五上第十一課\soundData\ㄌㄞˋ.mp3"
  removed 1 frame(s) (0.0s)
  removed 0.41KB
File "E:\我的文件\桌面\五上第十一課\soundData\ㄌㄞˊ.mp3"
  removed 1 frame(s) (0.0s)
  removed 0.41KB
File "E:\我的文件\桌面\五上第十一課\soundData\ㄌㄞˇ.mp3"
  removed 0.49KB
File "E:\我的文件\桌面\五上第十一課\soundData\ㄌㄞ˙.mp3"
  removed 0.49KB
File "E:\我的文件\桌面\五上第十一課\soundData\ㄌㄟ.mp3"
  removed 1 frame(s) (0.0s)
  removed 0.41KB
File "E:\我的文件\桌面\五上第十一課\soundData\ㄌㄟˋ.mp3"
  removed 1 frame(s) (0.0s)
  removed 0.41KB
File "E:\我的文件\桌面\五上第十一課\soundData\ㄌㄟˊ.mp3"
  removed 1 frame(s) (0.0s)
  removed 0.41KB
File "E:\我的文件\桌面\五上第十一課\soundData\ㄌㄟˇ.mp3"
  removed 1 frame(s) (0.0s)
  removed 0.41KB
File "E:\我的文件\桌面\五上第十一課\soundData\ㄌㄟ˙.mp3"
  removed 0.49KB
File "E:\我的文件\桌面\五上第十一課\soundData\ㄌㄠ.mp3"
  removed 1 frame(s) (0.0s)
  removed 0.41KB
File "E:\我的文件\桌面\五上第十一課\soundData\ㄌㄠˋ.mp3"
  removed 1 frame(s) (0.0s)
  removed 0.41KB
File "E:\我的文件\桌面\五上第十一課\soundData\ㄌㄠˊ.mp3"
  removed 1 frame(s) (0.0s)
  removed 0.41KB
File "E:\我的文件\桌面\五上第十一課\soundData\ㄌㄠˇ.mp3"
  removed 1 frame(s) (0.0s)
  removed 0.41KB
File "E:\我的文件\桌面\五上第十一課\soundData\ㄌㄠ˙.mp3"
  removed 1 frame(s) (0.0s)
  removed 0.41KB
File "E:\我的文件\桌面\五上第十一課\soundData\ㄌㄡ.mp3"
  removed 1 frame(s) (0.0s)
  removed 0.41KB
File "E:\我的文件\桌面\五上第十一課\soundData\ㄌㄡˋ.mp3"
  removed 1 frame(s) (0.0s)
  removed 0.41KB
File "E:\我的文件\桌面\五上第十一課\soundData\ㄌㄡˊ.mp3"
  removed 1 frame(s) (0.0s)
  removed 0.41KB
File "E:\我的文件\桌面\五上第十一課\soundData\ㄌㄡˇ.mp3"
  removed 1 frame(s) (0.0s)
  removed 0.41KB
File "E:\我的文件\桌面\五上第十一課\soundData\ㄌㄡ˙.mp3"
  removed 0.49KB
File "E:\我的文件\桌面\五上第十一課\soundData\ㄌㄢ.mp3"
  removed 0.49KB
File "E:\我的文件\桌面\五上第十一課\soundData\ㄌㄢˋ.mp3"
  removed 1 frame(s) (0.0s)
  removed 0.41KB
File "E:\我的文件\桌面\五上第十一課\soundData\ㄌㄢˊ.mp3"
  removed 1 frame(s) (0.0s)
  removed 0.41KB
File "E:\我的文件\桌面\五上第十一課\soundData\ㄌㄢˇ.mp3"
  removed 1 frame(s) (0.0s)
  removed 0.41KB
File "E:\我的文件\桌面\五上第十一課\soundData\ㄌㄢ˙.mp3"
  removed 0.49KB
File "E:\我的文件\桌面\五上第十一課\soundData\ㄌㄤ.mp3"
  removed 1 frame(s) (0.0s)
  removed 0.41KB
File "E:\我的文件\桌面\五上第十一課\soundData\ㄌㄤˋ.mp3"
  removed 1 frame(s) (0.0s)
  removed 0.41KB
File "E:\我的文件\桌面\五上第十一課\soundData\ㄌㄤˊ.mp3"
  removed 1 frame(s) (0.0s)
  removed 0.41KB
File "E:\我的文件\桌面\五上第十一課\soundData\ㄌㄤˇ.mp3"
  removed 1 frame(s) (0.0s)
  removed 0.41KB
File "E:\我的文件\桌面\五上第十一課\soundData\ㄌㄤ˙.mp3"
  removed 0.49KB
File "E:\我的文件\桌面\五上第十一課\soundData\ㄌㄥ.mp3"
  removed 0.16KB
File "E:\我的文件\桌面\五上第十一課\soundData\ㄌㄥˋ.mp3"
  removed 1 frame(s) (0.0s)
  removed 0.41KB
File "E:\我的文件\桌面\五上第十一課\soundData\ㄌㄥˊ.mp3"
File "E:\我的文件\桌面\五上第十一課\soundData\ㄌㄥˇ.mp3"
  removed 1 frame(s) (0.0s)
  removed 0.41KB
File "E:\我的文件\桌面\五上第十一課\soundData\ㄌㄥ˙.mp3"
  removed 0.49KB
File "E:\我的文件\桌面\五上第十一課\soundData\ㄌㄧ.mp3"
  removed 1 frame(s) (0.0s)
  removed 0.41KB
File "E:\我的文件\桌面\五上第十一課\soundData\ㄌㄧˋ.mp3"
  removed 1 frame(s) (0.0s)
  removed 0.41KB
File "E:\我的文件\桌面\五上第十一課\soundData\ㄌㄧˊ.mp3"
  removed 1 frame(s) (0.0s)
  removed 0.41KB
File "E:\我的文件\桌面\五上第十一課\soundData\ㄌㄧˇ.mp3"
  removed 1 frame(s) (0.0s)
  removed 0.41KB
File "E:\我的文件\桌面\五上第十一課\soundData\ㄌㄧ˙.mp3"
  removed 1 frame(s) (0.0s)
  removed 0.41KB
File "E:\我的文件\桌面\五上第十一課\soundData\ㄌㄧㄚˇ.mp3"
  removed 1 frame(s) (0.0s)
  removed 0.41KB
File "E:\我的文件\桌面\五上第十一課\soundData\ㄌㄧㄝ.mp3"
  removed 0.28KB
File "E:\我的文件\桌面\五上第十一課\soundData\ㄌㄧㄝˋ.mp3"
  removed 1 frame(s) (0.0s)
  removed 0.41KB
File "E:\我的文件\桌面\五上第十一課\soundData\ㄌㄧㄝˊ.mp3"
  removed 0.28KB
File "E:\我的文件\桌面\五上第十一課\soundData\ㄌㄧㄝˇ.mp3"
  removed 1 frame(s) (0.0s)
  removed 0.41KB
File "E:\我的文件\桌面\五上第十一課\soundData\ㄌㄧㄝ˙.mp3"
  removed 0.28KB
File "E:\我的文件\桌面\五上第十一課\soundData\ㄌㄧㄠ.mp3"
  removed 0.28KB
File "E:\我的文件\桌面\五上第十一課\soundData\ㄌㄧㄠˋ.mp3"
  removed 1 frame(s) (0.0s)
  removed 0.41KB
File "E:\我的文件\桌面\五上第十一課\soundData\ㄌㄧㄠˊ.mp3"
  removed 1 frame(s) (0.0s)
  removed 0.41KB
File "E:\我的文件\桌面\五上第十一課\soundData\ㄌㄧㄠˇ.mp3"
  removed 1 frame(s) (0.0s)
  removed 0.41KB
File "E:\我的文件\桌面\五上第十一課\soundData\ㄌㄧㄠ˙.mp3"
  removed 0.28KB
File "E:\我的文件\桌面\五上第十一課\soundData\ㄌㄧㄡ.mp3"
  removed 1 frame(s) (0.0s)
  removed 0.41KB
File "E:\我的文件\桌面\五上第十一課\soundData\ㄌㄧㄡˋ.mp3"
  removed 1 frame(s) (0.0s)
  removed 0.41KB
File "E:\我的文件\桌面\五上第十一課\soundData\ㄌㄧㄡˊ.mp3"
  removed 1 frame(s) (0.0s)
  removed 0.41KB
File "E:\我的文件\桌面\五上第十一課\soundData\ㄌㄧㄡˇ.mp3"
  removed 1 frame(s) (0.0s)
  removed 0.41KB
File "E:\我的文件\桌面\五上第十一課\soundData\ㄌㄧㄡ˙.mp3"
  removed 0.28KB
File "E:\我的文件\桌面\五上第十一課\soundData\ㄌㄧㄢ.mp3"
File "E:\我的文件\桌面\五上第十一課\soundData\ㄌㄧㄢˋ.mp3"
  removed 1 frame(s) (0.0s)
  removed 0.41KB
File "E:\我的文件\桌面\五上第十一課\soundData\ㄌㄧㄢˊ.mp3"
  removed 1 frame(s) (0.0s)
  removed 0.41KB
File "E:\我的文件\桌面\五上第十一課\soundData\ㄌㄧㄢˇ.mp3"
  removed 1 frame(s) (0.0s)
  removed 0.41KB
File "E:\我的文件\桌面\五上第十一課\soundData\ㄌㄧㄢ˙.mp3"
File "E:\我的文件\桌面\五上第十一課\soundData\ㄌㄧㄣ.mp3"
  removed 0.28KB
File "E:\我的文件\桌面\五上第十一課\soundData\ㄌㄧㄣˋ.mp3"
  removed 1 frame(s) (0.0s)
  removed 0.41KB
File "E:\我的文件\桌面\五上第十一課\soundData\ㄌㄧㄣˊ.mp3"
  removed 1 frame(s) (0.0s)
  removed 0.41KB
File "E:\我的文件\桌面\五上第十一課\soundData\ㄌㄧㄣˇ.mp3"
  removed 1 frame(s) (0.0s)
  removed 0.41KB
File "E:\我的文件\桌面\五上第十一課\soundData\ㄌㄧㄣ˙.mp3"
  removed 0.28KB
File "E:\我的文件\桌面\五上第十一課\soundData\ㄌㄧㄤ.mp3"
  removed 0.28KB
File "E:\我的文件\桌面\五上第十一課\soundData\ㄌㄧㄤˋ.mp3"
  removed 1 frame(s) (0.0s)
  removed 0.41KB
File "E:\我的文件\桌面\五上第十一課\soundData\ㄌㄧㄤˊ.mp3"
  removed 1 frame(s) (0.0s)
  removed 0.41KB
File "E:\我的文件\桌面\五上第十一課\soundData\ㄌㄧㄤˇ.mp3"
  removed 1 frame(s) (0.0s)
  removed 0.41KB
File "E:\我的文件\桌面\五上第十一課\soundData\ㄌㄧㄤ˙.mp3"
  removed 0.28KB
File "E:\我的文件\桌面\五上第十一課\soundData\ㄌㄧㄥ.mp3"
  removed 1 frame(s) (0.0s)
  removed 0.41KB
File "E:\我的文件\桌面\五上第十一課\soundData\ㄌㄧㄥˋ.mp3"
  removed 1 frame(s) (0.0s)
  removed 0.41KB
File "E:\我的文件\桌面\五上第十一課\soundData\ㄌㄧㄥˊ.mp3"
  removed 1 frame(s) (0.0s)
  removed 0.41KB
File "E:\我的文件\桌面\五上第十一課\soundData\ㄌㄧㄥˇ.mp3"
  removed 1 frame(s) (0.0s)
  removed 0.41KB
File "E:\我的文件\桌面\五上第十一課\soundData\ㄌㄧㄥ˙.mp3"
File "E:\我的文件\桌面\五上第十一課\soundData\ㄌㄨ.mp3"
  removed 1 frame(s) (0.0s)
  removed 0.41KB
File "E:\我的文件\桌面\五上第十一課\soundData\ㄌㄨˋ.mp3"
  removed 1 frame(s) (0.0s)
  removed 0.41KB
File "E:\我的文件\桌面\五上第十一課\soundData\ㄌㄨˊ.mp3"
  removed 1 frame(s) (0.0s)
  removed 0.41KB
File "E:\我的文件\桌面\五上第十一課\soundData\ㄌㄨˇ.mp3"
  removed 1 frame(s) (0.0s)
  removed 0.41KB
File "E:\我的文件\桌面\五上第十一課\soundData\ㄌㄨ˙.mp3"
  removed 0.28KB
File "E:\我的文件\桌面\五上第十一課\soundData\ㄌㄨㄛ.mp3"
  removed 1 frame(s) (0.0s)
  removed 0.41KB
File "E:\我的文件\桌面\五上第十一課\soundData\ㄌㄨㄛˋ.mp3"
  removed 1 frame(s) (0.0s)
  removed 0.41KB
File "E:\我的文件\桌面\五上第十一課\soundData\ㄌㄨㄛˊ.mp3"
  removed 1 frame(s) (0.0s)
  removed 0.41KB
File "E:\我的文件\桌面\五上第十一課\soundData\ㄌㄨㄛˇ.mp3"
  removed 1 frame(s) (0.0s)
  removed 0.41KB
File "E:\我的文件\桌面\五上第十一課\soundData\ㄌㄨㄛ˙.mp3"
  removed 0.28KB
File "E:\我的文件\桌面\五上第十一課\soundData\ㄌㄨㄢ.mp3"
  removed 0.28KB
File "E:\我的文件\桌面\五上第十一課\soundData\ㄌㄨㄢˋ.mp3"
  removed 1 frame(s) (0.0s)
  removed 0.41KB
File "E:\我的文件\桌面\五上第十一課\soundData\ㄌㄨㄢˊ.mp3"
  removed 1 frame(s) (0.0s)
  removed 0.41KB
File "E:\我的文件\桌面\五上第十一課\soundData\ㄌㄨㄢˇ.mp3"
  removed 1 frame(s) (0.0s)
  removed 0.41KB
File "E:\我的文件\桌面\五上第十一課\soundData\ㄌㄨㄢ˙.mp3"
  removed 0.28KB
File "E:\我的文件\桌面\五上第十一課\soundData\ㄌㄨㄣ.mp3"
  removed 1 frame(s) (0.0s)
  removed 0.41KB
File "E:\我的文件\桌面\五上第十一課\soundData\ㄌㄨㄣˋ.mp3"
  removed 1 frame(s) (0.0s)
  removed 0.41KB
File "E:\我的文件\桌面\五上第十一課\soundData\ㄌㄨㄣˊ.mp3"
  removed 1 frame(s) (0.0s)
  removed 0.41KB
File "E:\我的文件\桌面\五上第十一課\soundData\ㄌㄨㄣˇ.mp3"
  removed 0.28KB
File "E:\我的文件\桌面\五上第十一課\soundData\ㄌㄨㄣ˙.mp3"
  removed 0.28KB
File "E:\我的文件\桌面\五上第十一課\soundData\ㄌㄨㄥ.mp3"
  removed 0.28KB
File "E:\我的文件\桌面\五上第十一課\soundData\ㄌㄨㄥˋ.mp3"
  removed 1 frame(s) (0.0s)
  removed 0.41KB
File "E:\我的文件\桌面\五上第十一課\soundData\ㄌㄨㄥˊ.mp3"
  removed 1 frame(s) (0.0s)
  removed 0.41KB
File "E:\我的文件\桌面\五上第十一課\soundData\ㄌㄨㄥˇ.mp3"
  removed 1 frame(s) (0.0s)
  removed 0.41KB
File "E:\我的文件\桌面\五上第十一課\soundData\ㄌㄨㄥ˙.mp3"
  removed 0.28KB
File "E:\我的文件\桌面\五上第十一課\soundData\ㄌㄩ.mp3"
  removed 1 frame(s) (0.0s)
  removed 0.41KB
File "E:\我的文件\桌面\五上第十一課\soundData\ㄌㄩˋ.mp3"
  removed 1 frame(s) (0.0s)
  removed 0.41KB
File "E:\我的文件\桌面\五上第十一課\soundData\ㄌㄩˊ.mp3"
  removed 1 frame(s) (0.0s)
  removed 0.41KB
File "E:\我的文件\桌面\五上第十一課\soundData\ㄌㄩˇ.mp3"
  removed 1 frame(s) (0.0s)
  removed 0.41KB
File "E:\我的文件\桌面\五上第十一課\soundData\ㄌㄩ˙.mp3"
  removed 1 frame(s) (0.0s)
  removed 0.41KB
File "E:\我的文件\桌面\五上第十一課\soundData\ㄌㄩㄝ.mp3"
  removed 0.28KB
File "E:\我的文件\桌面\五上第十一課\soundData\ㄌㄩㄝˋ.mp3"
  removed 1 frame(s) (0.0s)
  removed 0.41KB
File "E:\我的文件\桌面\五上第十一課\soundData\ㄌㄩㄝˊ.mp3"
  removed 0.28KB
File "E:\我的文件\桌面\五上第十一課\soundData\ㄌㄩㄝˇ.mp3"
  removed 0.28KB
File "E:\我的文件\桌面\五上第十一課\soundData\ㄌㄩㄝ˙.mp3"
  removed 0.28KB
File "E:\我的文件\桌面\五上第十一課\soundData\ㄍ.mp3"
File "E:\我的文件\桌面\五上第十一課\soundData\ㄍˋ.mp3"
File "E:\我的文件\桌面\五上第十一課\soundData\ㄍˊ.mp3"
File "E:\我的文件\桌面\五上第十一課\soundData\ㄍˇ.mp3"
File "E:\我的文件\桌面\五上第十一課\soundData\ㄍ˙.mp3"
File "E:\我的文件\桌面\五上第十一課\soundData\ㄍㄚ.mp3"
  removed 1 frame(s) (0.0s)
  removed 0.41KB
File "E:\我的文件\桌面\五上第十一課\soundData\ㄍㄚˋ.mp3"
  removed 1 frame(s) (0.0s)
  removed 0.41KB
File "E:\我的文件\桌面\五上第十一課\soundData\ㄍㄚˊ.mp3"
  removed 1 frame(s) (0.0s)
  removed 0.41KB
File "E:\我的文件\桌面\五上第十一課\soundData\ㄍㄚˇ.mp3"
  removed 0.49KB
File "E:\我的文件\桌面\五上第十一課\soundData\ㄍㄚ˙.mp3"
  removed 0.49KB
File "E:\我的文件\桌面\五上第十一課\soundData\ㄍㄜ.mp3"
  removed 1 frame(s) (0.0s)
  removed 0.41KB
File "E:\我的文件\桌面\五上第十一課\soundData\ㄍㄜˋ.mp3"
  removed 1 frame(s) (0.0s)
  removed 0.41KB
File "E:\我的文件\桌面\五上第十一課\soundData\ㄍㄜˊ.mp3"
  removed 1 frame(s) (0.0s)
  removed 0.41KB
File "E:\我的文件\桌面\五上第十一課\soundData\ㄍㄜˇ.mp3"
  removed 1 frame(s) (0.0s)
  removed 0.41KB
File "E:\我的文件\桌面\五上第十一課\soundData\ㄍㄜ˙.mp3"
  removed 1 frame(s) (0.0s)
  removed 0.41KB
File "E:\我的文件\桌面\五上第十一課\soundData\ㄍㄞ.mp3"
  removed 1 frame(s) (0.0s)
  removed 0.41KB
File "E:\我的文件\桌面\五上第十一課\soundData\ㄍㄞˋ.mp3"
  removed 1 frame(s) (0.0s)
  removed 0.41KB
File "E:\我的文件\桌面\五上第十一課\soundData\ㄍㄞˊ.mp3"
  removed 0.49KB
File "E:\我的文件\桌面\五上第十一課\soundData\ㄍㄞˇ.mp3"
  removed 1 frame(s) (0.0s)
  removed 0.41KB
File "E:\我的文件\桌面\五上第十一課\soundData\ㄍㄞ˙.mp3"
  removed 0.49KB
File "E:\我的文件\桌面\五上第十一課\soundData\ㄍㄟ.mp3"
  removed 0.49KB
File "E:\我的文件\桌面\五上第十一課\soundData\ㄍㄟˋ.mp3"
  removed 0.49KB
File "E:\我的文件\桌面\五上第十一課\soundData\ㄍㄟˊ.mp3"
  removed 0.49KB
File "E:\我的文件\桌面\五上第十一課\soundData\ㄍㄟˇ.mp3"
  removed 1 frame(s) (0.0s)
  removed 0.41KB
File "E:\我的文件\桌面\五上第十一課\soundData\ㄍㄟ˙.mp3"
  removed 0.49KB
File "E:\我的文件\桌面\五上第十一課\soundData\ㄍㄠ.mp3"
  removed 1 frame(s) (0.0s)
  removed 0.41KB
File "E:\我的文件\桌面\五上第十一課\soundData\ㄍㄠˋ.mp3"
  removed 1 frame(s) (0.0s)
  removed 0.41KB
File "E:\我的文件\桌面\五上第十一課\soundData\ㄍㄠˊ.mp3"
  removed 0.49KB
File "E:\我的文件\桌面\五上第十一課\soundData\ㄍㄠˇ.mp3"
  removed 1 frame(s) (0.0s)
  removed 0.41KB
File "E:\我的文件\桌面\五上第十一課\soundData\ㄍㄠ˙.mp3"
  removed 0.49KB
File "E:\我的文件\桌面\五上第十一課\soundData\ㄍㄡ.mp3"
  removed 1 frame(s) (0.0s)
  removed 0.41KB
File "E:\我的文件\桌面\五上第十一課\soundData\ㄍㄡˋ.mp3"
  removed 1 frame(s) (0.0s)
  removed 0.41KB
File "E:\我的文件\桌面\五上第十一課\soundData\ㄍㄡˊ.mp3"
  removed 0.49KB
File "E:\我的文件\桌面\五上第十一課\soundData\ㄍㄡˇ.mp3"
  removed 1 frame(s) (0.0s)
  removed 0.41KB
File "E:\我的文件\桌面\五上第十一課\soundData\ㄍㄡ˙.mp3"
  removed 0.49KB
File "E:\我的文件\桌面\五上第十一課\soundData\ㄍㄢ.mp3"
  removed 1 frame(s) (0.0s)
  removed 0.41KB
File "E:\我的文件\桌面\五上第十一課\soundData\ㄍㄢˋ.mp3"
  removed 1 frame(s) (0.0s)
  removed 0.41KB
File "E:\我的文件\桌面\五上第十一課\soundData\ㄍㄢˊ.mp3"
  removed 0.49KB
File "E:\我的文件\桌面\五上第十一課\soundData\ㄍㄢˇ.mp3"
  removed 1 frame(s) (0.0s)
  removed 0.41KB
File "E:\我的文件\桌面\五上第十一課\soundData\ㄍㄢ˙.mp3"
  removed 0.49KB
File "E:\我的文件\桌面\五上第十一課\soundData\ㄍㄣ.mp3"
  removed 1 frame(s) (0.0s)
  removed 0.41KB
File "E:\我的文件\桌面\五上第十一課\soundData\ㄍㄣˋ.mp3"
  removed 1 frame(s) (0.0s)
  removed 0.41KB
File "E:\我的文件\桌面\五上第十一課\soundData\ㄍㄣˊ.mp3"
  removed 0.49KB
File "E:\我的文件\桌面\五上第十一課\soundData\ㄍㄣˇ.mp3"
  removed 1 frame(s) (0.0s)
  removed 0.41KB
File "E:\我的文件\桌面\五上第十一課\soundData\ㄍㄣ˙.mp3"
  removed 0.49KB
File "E:\我的文件\桌面\五上第十一課\soundData\ㄍㄤ.mp3"
  removed 1 frame(s) (0.0s)
  removed 0.41KB
File "E:\我的文件\桌面\五上第十一課\soundData\ㄍㄤˋ.mp3"
File "E:\我的文件\桌面\五上第十一課\soundData\ㄍㄤˊ.mp3"
  removed 0.49KB
File "E:\我的文件\桌面\五上第十一課\soundData\ㄍㄤˇ.mp3"
  removed 1 frame(s) (0.0s)
  removed 0.41KB
File "E:\我的文件\桌面\五上第十一課\soundData\ㄍㄤ˙.mp3"
  removed 0.49KB
File "E:\我的文件\桌面\五上第十一課\soundData\ㄍㄥ.mp3"
  removed 1 frame(s) (0.0s)
  removed 0.41KB
File "E:\我的文件\桌面\五上第十一課\soundData\ㄍㄥˋ.mp3"
  removed 1 frame(s) (0.0s)
  removed 0.41KB
File "E:\我的文件\桌面\五上第十一課\soundData\ㄍㄥˊ.mp3"
  removed 0.16KB
File "E:\我的文件\桌面\五上第十一課\soundData\ㄍㄥˇ.mp3"
  removed 1 frame(s) (0.0s)
  removed 0.41KB
File "E:\我的文件\桌面\五上第十一課\soundData\ㄍㄥ˙.mp3"
  removed 1 frame(s) (0.0s)
  removed 0.61KB
File "E:\我的文件\桌面\五上第十一課\soundData\ㄍㄨ.mp3"
  removed 1 frame(s) (0.0s)
  removed 0.41KB
File "E:\我的文件\桌面\五上第十一課\soundData\ㄍㄨˋ.mp3"
  removed 1 frame(s) (0.0s)
  removed 0.41KB
File "E:\我的文件\桌面\五上第十一課\soundData\ㄍㄨˊ.mp3"
  removed 1 frame(s) (0.0s)
  removed 0.41KB
File "E:\我的文件\桌面\五上第十一課\soundData\ㄍㄨˇ.mp3"
  removed 1 frame(s) (0.0s)
  removed 0.41KB
File "E:\我的文件\桌面\五上第十一課\soundData\ㄍㄨ˙.mp3"
  removed 1 frame(s) (0.0s)
  removed 0.41KB
File "E:\我的文件\桌面\五上第十一課\soundData\ㄍㄨㄚ.mp3"
  removed 1 frame(s) (0.0s)
  removed 0.41KB
File "E:\我的文件\桌面\五上第十一課\soundData\ㄍㄨㄚˋ.mp3"
  removed 1 frame(s) (0.0s)
  removed 0.41KB
File "E:\我的文件\桌面\五上第十一課\soundData\ㄍㄨㄚˊ.mp3"
  removed 0.28KB
File "E:\我的文件\桌面\五上第十一課\soundData\ㄍㄨㄚˇ.mp3"
  removed 1 frame(s) (0.0s)
  removed 0.41KB
File "E:\我的文件\桌面\五上第十一課\soundData\ㄍㄨㄚ˙.mp3"
  removed 0.28KB
File "E:\我的文件\桌面\五上第十一課\soundData\ㄍㄨㄛ.mp3"
  removed 1 frame(s) (0.0s)
  removed 0.41KB
File "E:\我的文件\桌面\五上第十一課\soundData\ㄍㄨㄛˋ.mp3"
  removed 1 frame(s) (0.0s)
  removed 0.41KB
File "E:\我的文件\桌面\五上第十一課\soundData\ㄍㄨㄛˊ.mp3"
  removed 1 frame(s) (0.0s)
  removed 0.41KB
File "E:\我的文件\桌面\五上第十一課\soundData\ㄍㄨㄛˇ.mp3"
  removed 1 frame(s) (0.0s)
  removed 0.41KB
File "E:\我的文件\桌面\五上第十一課\soundData\ㄍㄨㄛ˙.mp3"
  removed 0.28KB
File "E:\我的文件\桌面\五上第十一課\soundData\ㄍㄨㄞ.mp3"
  removed 1 frame(s) (0.0s)
  removed 0.41KB
File "E:\我的文件\桌面\五上第十一課\soundData\ㄍㄨㄞˋ.mp3"
  removed 1 frame(s) (0.0s)
  removed 0.41KB
File "E:\我的文件\桌面\五上第十一課\soundData\ㄍㄨㄞˊ.mp3"
  removed 0.28KB
File "E:\我的文件\桌面\五上第十一課\soundData\ㄍㄨㄞˇ.mp3"
  removed 1 frame(s) (0.0s)
  removed 0.41KB
File "E:\我的文件\桌面\五上第十一課\soundData\ㄍㄨㄞ˙.mp3"
  removed 0.28KB
File "E:\我的文件\桌面\五上第十一課\soundData\ㄍㄨㄟ.mp3"
  removed 1 frame(s) (0.0s)
  removed 0.41KB
File "E:\我的文件\桌面\五上第十一課\soundData\ㄍㄨㄟˋ.mp3"
  removed 1 frame(s) (0.0s)
  removed 0.41KB
File "E:\我的文件\桌面\五上第十一課\soundData\ㄍㄨㄟˊ.mp3"
  removed 0.28KB
File "E:\我的文件\桌面\五上第十一課\soundData\ㄍㄨㄟˇ.mp3"
  removed 1 frame(s) (0.0s)
  removed 0.41KB
File "E:\我的文件\桌面\五上第十一課\soundData\ㄍㄨㄟ˙.mp3"
  removed 0.28KB
File "E:\我的文件\桌面\五上第十一課\soundData\ㄍㄨㄢ.mp3"
  removed 1 frame(s) (0.0s)
  removed 0.41KB
File "E:\我的文件\桌面\五上第十一課\soundData\ㄍㄨㄢˋ.mp3"
  removed 1 frame(s) (0.0s)
  removed 0.41KB
File "E:\我的文件\桌面\五上第十一課\soundData\ㄍㄨㄢˊ.mp3"
  removed 0.28KB
File "E:\我的文件\桌面\五上第十一課\soundData\ㄍㄨㄢˇ.mp3"
  removed 1 frame(s) (0.0s)
  removed 0.41KB
File "E:\我的文件\桌面\五上第十一課\soundData\ㄍㄨㄢ˙.mp3"
  removed 0.28KB
File "E:\我的文件\桌面\五上第十一課\soundData\ㄍㄨㄣ.mp3"
  removed 0.28KB
File "E:\我的文件\桌面\五上第十一課\soundData\ㄍㄨㄣˋ.mp3"
  removed 1 frame(s) (0.0s)
  removed 0.41KB
File "E:\我的文件\桌面\五上第十一課\soundData\ㄍㄨㄣˊ.mp3"
  removed 0.28KB
File "E:\我的文件\桌面\五上第十一課\soundData\ㄍㄨㄣˇ.mp3"
File "E:\我的文件\桌面\五上第十一課\soundData\ㄍㄨㄣ˙.mp3"
  removed 0.28KB
File "E:\我的文件\桌面\五上第十一課\soundData\ㄍㄨㄤ.mp3"
  removed 1 frame(s) (0.0s)
  removed 0.41KB
File "E:\我的文件\桌面\五上第十一課\soundData\ㄍㄨㄤˋ.mp3"
  removed 1 frame(s) (0.0s)
  removed 0.41KB
File "E:\我的文件\桌面\五上第十一課\soundData\ㄍㄨㄤˊ.mp3"
  removed 0.28KB
File "E:\我的文件\桌面\五上第十一課\soundData\ㄍㄨㄤˇ.mp3"
  removed 1 frame(s) (0.0s)
  removed 0.41KB
File "E:\我的文件\桌面\五上第十一課\soundData\ㄍㄨㄤ˙.mp3"
  removed 0.28KB
File "E:\我的文件\桌面\五上第十一課\soundData\ㄍㄨㄥ.mp3"
  removed 1 frame(s) (0.0s)
  removed 0.41KB
File "E:\我的文件\桌面\五上第十一課\soundData\ㄍㄨㄥˋ.mp3"
  removed 1 frame(s) (0.0s)
  removed 0.41KB
File "E:\我的文件\桌面\五上第十一課\soundData\ㄍㄨㄥˊ.mp3"
  removed 0.28KB
File "E:\我的文件\桌面\五上第十一課\soundData\ㄍㄨㄥˇ.mp3"
  removed 1 frame(s) (0.0s)
  removed 0.41KB
File "E:\我的文件\桌面\五上第十一課\soundData\ㄍㄨㄥ˙.mp3"
  removed 1 frame(s) (0.0s)
  removed 0.41KB
File "E:\我的文件\桌面\五上第十一課\soundData\ㄎ.mp3"
File "E:\我的文件\桌面\五上第十一課\soundData\ㄎˋ.mp3"
File "E:\我的文件\桌面\五上第十一課\soundData\ㄎˊ.mp3"
File "E:\我的文件\桌面\五上第十一課\soundData\ㄎˇ.mp3"
File "E:\我的文件\桌面\五上第十一課\soundData\ㄎ˙.mp3"
File "E:\我的文件\桌面\五上第十一課\soundData\ㄎㄚ.mp3"
  removed 1 frame(s) (0.0s)
  removed 0.41KB
File "E:\我的文件\桌面\五上第十一課\soundData\ㄎㄚˋ.mp3"
  removed 1 frame(s) (0.0s)
  removed 0.41KB
File "E:\我的文件\桌面\五上第十一課\soundData\ㄎㄚˊ.mp3"
  removed 0.28KB
File "E:\我的文件\桌面\五上第十一課\soundData\ㄎㄚˇ.mp3"
  removed 1 frame(s) (0.0s)
  removed 0.41KB
File "E:\我的文件\桌面\五上第十一課\soundData\ㄎㄚ˙.mp3"
  removed 0.28KB
File "E:\我的文件\桌面\五上第十一課\soundData\ㄎㄜ.mp3"
  removed 1 frame(s) (0.0s)
  removed 0.41KB
File "E:\我的文件\桌面\五上第十一課\soundData\ㄎㄜˋ.mp3"
  removed 1 frame(s) (0.0s)
  removed 0.41KB
File "E:\我的文件\桌面\五上第十一課\soundData\ㄎㄜˊ.mp3"
  removed 1 frame(s) (0.0s)
  removed 0.41KB
File "E:\我的文件\桌面\五上第十一課\soundData\ㄎㄜˇ.mp3"
  removed 1 frame(s) (0.0s)
  removed 0.41KB
File "E:\我的文件\桌面\五上第十一課\soundData\ㄎㄜ˙.mp3"
  removed 0.49KB
File "E:\我的文件\桌面\五上第十一課\soundData\ㄎㄞ.mp3"
  removed 1 frame(s) (0.0s)
  removed 0.41KB
File "E:\我的文件\桌面\五上第十一課\soundData\ㄎㄞˋ.mp3"
  removed 1 frame(s) (0.0s)
  removed 0.41KB
File "E:\我的文件\桌面\五上第十一課\soundData\ㄎㄞˊ.mp3"
  removed 0.49KB
File "E:\我的文件\桌面\五上第十一課\soundData\ㄎㄞˇ.mp3"
  removed 1 frame(s) (0.0s)
  removed 0.41KB
File "E:\我的文件\桌面\五上第十一課\soundData\ㄎㄞ˙.mp3"
  removed 0.49KB
File "E:\我的文件\桌面\五上第十一課\soundData\ㄎㄠ.mp3"
  removed 1 frame(s) (0.0s)
  removed 0.41KB
File "E:\我的文件\桌面\五上第十一課\soundData\ㄎㄠˋ.mp3"
  removed 1 frame(s) (0.0s)
  removed 0.41KB
File "E:\我的文件\桌面\五上第十一課\soundData\ㄎㄠˊ.mp3"
  removed 0.49KB
File "E:\我的文件\桌面\五上第十一課\soundData\ㄎㄠˇ.mp3"
  removed 1 frame(s) (0.0s)
  removed 0.41KB
File "E:\我的文件\桌面\五上第十一課\soundData\ㄎㄠ˙.mp3"
  removed 0.49KB
File "E:\我的文件\桌面\五上第十一課\soundData\ㄎㄡ.mp3"
  removed 1 frame(s) (0.0s)
  removed 0.41KB
File "E:\我的文件\桌面\五上第十一課\soundData\ㄎㄡˋ.mp3"
  removed 1 frame(s) (0.0s)
  removed 0.41KB
File "E:\我的文件\桌面\五上第十一課\soundData\ㄎㄡˊ.mp3"
  removed 0.49KB
File "E:\我的文件\桌面\五上第十一課\soundData\ㄎㄡˇ.mp3"
  removed 1 frame(s) (0.0s)
  removed 0.41KB
File "E:\我的文件\桌面\五上第十一課\soundData\ㄎㄡ˙.mp3"
  removed 0.49KB
File "E:\我的文件\桌面\五上第十一課\soundData\ㄎㄢ.mp3"
  removed 1 frame(s) (0.0s)
  removed 0.41KB
File "E:\我的文件\桌面\五上第十一課\soundData\ㄎㄢˋ.mp3"
  removed 1 frame(s) (0.0s)
  removed 0.41KB
File "E:\我的文件\桌面\五上第十一課\soundData\ㄎㄢˊ.mp3"
  removed 0.49KB
File "E:\我的文件\桌面\五上第十一課\soundData\ㄎㄢˇ.mp3"
File "E:\我的文件\桌面\五上第十一課\soundData\ㄎㄢ˙.mp3"
  removed 0.49KB
File "E:\我的文件\桌面\五上第十一課\soundData\ㄎㄣ.mp3"
  removed 0.49KB
File "E:\我的文件\桌面\五上第十一課\soundData\ㄎㄣˋ.mp3"
  removed 1 frame(s) (0.0s)
  removed 0.41KB
File "E:\我的文件\桌面\五上第十一課\soundData\ㄎㄣˊ.mp3"
  removed 0.49KB
File "E:\我的文件\桌面\五上第十一課\soundData\ㄎㄣˇ.mp3"
  removed 1 frame(s) (0.0s)
  removed 0.41KB
File "E:\我的文件\桌面\五上第十一課\soundData\ㄎㄣ˙.mp3"
  removed 0.49KB
File "E:\我的文件\桌面\五上第十一課\soundData\ㄎㄤ.mp3"
  removed 1 frame(s) (0.0s)
  removed 0.41KB
File "E:\我的文件\桌面\五上第十一課\soundData\ㄎㄤˋ.mp3"
  removed 1 frame(s) (0.0s)
  removed 0.41KB
File "E:\我的文件\桌面\五上第十一課\soundData\ㄎㄤˊ.mp3"
  removed 1 frame(s) (0.0s)
  removed 0.41KB
File "E:\我的文件\桌面\五上第十一課\soundData\ㄎㄤˇ.mp3"
  removed 1 frame(s) (0.0s)
  removed 0.41KB
File "E:\我的文件\桌面\五上第十一課\soundData\ㄎㄤ˙.mp3"
  removed 0.49KB
File "E:\我的文件\桌面\五上第十一課\soundData\ㄎㄥ.mp3"
  removed 1 frame(s) (0.0s)
  removed 0.41KB
File "E:\我的文件\桌面\五上第十一課\soundData\ㄎㄥˋ.mp3"
  removed 0.16KB
File "E:\我的文件\桌面\五上第十一課\soundData\ㄎㄥˊ.mp3"
  removed 0.15KB
File "E:\我的文件\桌面\五上第十一課\soundData\ㄎㄥˇ.mp3"
  removed 0.15KB
File "E:\我的文件\桌面\五上第十一課\soundData\ㄎㄥ˙.mp3"
  removed 0.28KB
File "E:\我的文件\桌面\五上第十一課\soundData\ㄎㄨ.mp3"
  removed 1 frame(s) (0.0s)
  removed 0.41KB
File "E:\我的文件\桌面\五上第十一課\soundData\ㄎㄨˋ.mp3"
  removed 1 frame(s) (0.0s)
  removed 0.41KB
File "E:\我的文件\桌面\五上第十一課\soundData\ㄎㄨˊ.mp3"
  removed 0.28KB
File "E:\我的文件\桌面\五上第十一課\soundData\ㄎㄨˇ.mp3"
  removed 1 frame(s) (0.0s)
  removed 0.41KB
File "E:\我的文件\桌面\五上第十一課\soundData\ㄎㄨ˙.mp3"
  removed 0.28KB
File "E:\我的文件\桌面\五上第十一課\soundData\ㄎㄨㄚ.mp3"
  removed 1 frame(s) (0.0s)
  removed 0.41KB
File "E:\我的文件\桌面\五上第十一課\soundData\ㄎㄨㄚˋ.mp3"
  removed 1 frame(s) (0.0s)
  removed 0.41KB
File "E:\我的文件\桌面\五上第十一課\soundData\ㄎㄨㄚˊ.mp3"
  removed 0.28KB
File "E:\我的文件\桌面\五上第十一課\soundData\ㄎㄨㄚˇ.mp3"
  removed 1 frame(s) (0.0s)
  removed 0.41KB
File "E:\我的文件\桌面\五上第十一課\soundData\ㄎㄨㄚ˙.mp3"
  removed 0.28KB
File "E:\我的文件\桌面\五上第十一課\soundData\ㄎㄨㄛ.mp3"
  removed 0.28KB
File "E:\我的文件\桌面\五上第十一課\soundData\ㄎㄨㄛˋ.mp3"
  removed 1 frame(s) (0.0s)
  removed 0.41KB
File "E:\我的文件\桌面\五上第十一課\soundData\ㄎㄨㄛˊ.mp3"
  removed 0.28KB
File "E:\我的文件\桌面\五上第十一課\soundData\ㄎㄨㄛˇ.mp3"
  removed 0.28KB
File "E:\我的文件\桌面\五上第十一課\soundData\ㄎㄨㄛ˙.mp3"
  removed 0.28KB
File "E:\我的文件\桌面\五上第十一課\soundData\ㄎㄨㄞ.mp3"
  removed 1 frame(s) (0.0s)
  removed 0.41KB
File "E:\我的文件\桌面\五上第十一課\soundData\ㄎㄨㄞˋ.mp3"
  removed 1 frame(s) (0.0s)
  removed 0.41KB
File "E:\我的文件\桌面\五上第十一課\soundData\ㄎㄨㄞˊ.mp3"
  removed 0.28KB
File "E:\我的文件\桌面\五上第十一課\soundData\ㄎㄨㄞˇ.mp3"
  removed 1 frame(s) (0.0s)
  removed 0.41KB
File "E:\我的文件\桌面\五上第十一課\soundData\ㄎㄨㄞ˙.mp3"
  removed 0.28KB
File "E:\我的文件\桌面\五上第十一課\soundData\ㄎㄨㄟ.mp3"
  removed 1 frame(s) (0.0s)
  removed 0.41KB
File "E:\我的文件\桌面\五上第十一課\soundData\ㄎㄨㄟˋ.mp3"
  removed 1 frame(s) (0.0s)
  removed 0.41KB
File "E:\我的文件\桌面\五上第十一課\soundData\ㄎㄨㄟˊ.mp3"
  removed 1 frame(s) (0.0s)
  removed 0.41KB
File "E:\我的文件\桌面\五上第十一課\soundData\ㄎㄨㄟˇ.mp3"
  removed 1 frame(s) (0.0s)
  removed 0.41KB
File "E:\我的文件\桌面\五上第十一課\soundData\ㄎㄨㄟ˙.mp3"
  removed 0.28KB
File "E:\我的文件\桌面\五上第十一課\soundData\ㄎㄨㄢ.mp3"
  removed 1 frame(s) (0.0s)
  removed 0.41KB
File "E:\我的文件\桌面\五上第十一課\soundData\ㄎㄨㄢˋ.mp3"
  removed 0.28KB
File "E:\我的文件\桌面\五上第十一課\soundData\ㄎㄨㄢˊ.mp3"
  removed 0.28KB
File "E:\我的文件\桌面\五上第十一課\soundData\ㄎㄨㄢˇ.mp3"
  removed 1 frame(s) (0.0s)
  removed 0.41KB
File "E:\我的文件\桌面\五上第十一課\soundData\ㄎㄨㄢ˙.mp3"
  removed 0.28KB
File "E:\我的文件\桌面\五上第十一課\soundData\ㄎㄨㄣ.mp3"
  removed 1 frame(s) (0.0s)
  removed 0.41KB
File "E:\我的文件\桌面\五上第十一課\soundData\ㄎㄨㄣˋ.mp3"
  removed 1 frame(s) (0.0s)
  removed 0.41KB
File "E:\我的文件\桌面\五上第十一課\soundData\ㄎㄨㄣˊ.mp3"
  removed 0.28KB
File "E:\我的文件\桌面\五上第十一課\soundData\ㄎㄨㄣˇ.mp3"
  removed 1 frame(s) (0.0s)
  removed 0.41KB
File "E:\我的文件\桌面\五上第十一課\soundData\ㄎㄨㄣ˙.mp3"
  removed 0.28KB
File "E:\我的文件\桌面\五上第十一課\soundData\ㄎㄨㄤ.mp3"
  removed 1 frame(s) (0.0s)
  removed 0.41KB
File "E:\我的文件\桌面\五上第十一課\soundData\ㄎㄨㄤˋ.mp3"
  removed 1 frame(s) (0.0s)
  removed 0.41KB
File "E:\我的文件\桌面\五上第十一課\soundData\ㄎㄨㄤˊ.mp3"
  removed 1 frame(s) (0.0s)
  removed 0.41KB
File "E:\我的文件\桌面\五上第十一課\soundData\ㄎㄨㄤˇ.mp3"
  removed 1 frame(s) (0.0s)
  removed 0.41KB
File "E:\我的文件\桌面\五上第十一課\soundData\ㄎㄨㄤ˙.mp3"
  removed 0.28KB
File "E:\我的文件\桌面\五上第十一課\soundData\ㄎㄨㄥ.mp3"
  removed 1 frame(s) (0.0s)
  removed 0.41KB
File "E:\我的文件\桌面\五上第十一課\soundData\ㄎㄨㄥˋ.mp3"
  removed 1 frame(s) (0.0s)
  removed 0.41KB
File "E:\我的文件\桌面\五上第十一課\soundData\ㄎㄨㄥˊ.mp3"
  removed 0.28KB
File "E:\我的文件\桌面\五上第十一課\soundData\ㄎㄨㄥˇ.mp3"
  removed 1 frame(s) (0.0s)
  removed 0.41KB
File "E:\我的文件\桌面\五上第十一課\soundData\ㄎㄨㄥ˙.mp3"
  removed 0.28KB
File "E:\我的文件\桌面\五上第十一課\soundData\ㄏ.mp3"
File "E:\我的文件\桌面\五上第十一課\soundData\ㄏˋ.mp3"
  removed 1 frame(s) (0.0s)
  removed 0.41KB
File "E:\我的文件\桌面\五上第十一課\soundData\ㄏˊ.mp3"
File "E:\我的文件\桌面\五上第十一課\soundData\ㄏˇ.mp3"
File "E:\我的文件\桌面\五上第十一課\soundData\ㄏ˙.mp3"
File "E:\我的文件\桌面\五上第十一課\soundData\ㄏㄚ.mp3"
  removed 1 frame(s) (0.0s)
  removed 0.41KB
File "E:\我的文件\桌面\五上第十一課\soundData\ㄏㄚˋ.mp3"
  removed 0.49KB
File "E:\我的文件\桌面\五上第十一課\soundData\ㄏㄚˊ.mp3"
  removed 1 frame(s) (0.0s)
  removed 0.41KB
File "E:\我的文件\桌面\五上第十一課\soundData\ㄏㄚˇ.mp3"
  removed 1 frame(s) (0.0s)
  removed 0.41KB
File "E:\我的文件\桌面\五上第十一課\soundData\ㄏㄚ˙.mp3"
  removed 0.49KB
File "E:\我的文件\桌面\五上第十一課\soundData\ㄏㄜ.mp3"
  removed 1 frame(s) (0.0s)
  removed 0.41KB
File "E:\我的文件\桌面\五上第十一課\soundData\ㄏㄜˋ.mp3"
  removed 1 frame(s) (0.0s)
  removed 0.41KB
File "E:\我的文件\桌面\五上第十一課\soundData\ㄏㄜˊ.mp3"
  removed 1 frame(s) (0.0s)
  removed 0.41KB
File "E:\我的文件\桌面\五上第十一課\soundData\ㄏㄜˇ.mp3"
  removed 0.49KB
File "E:\我的文件\桌面\五上第十一課\soundData\ㄏㄜ˙.mp3"
  removed 0.49KB
File "E:\我的文件\桌面\五上第十一課\soundData\ㄏㄞ.mp3"
  removed 1 frame(s) (0.0s)
  removed 0.41KB
File "E:\我的文件\桌面\五上第十一課\soundData\ㄏㄞˋ.mp3"
  removed 1 frame(s) (0.0s)
  removed 0.41KB
File "E:\我的文件\桌面\五上第十一課\soundData\ㄏㄞˊ.mp3"
  removed 1 frame(s) (0.0s)
  removed 0.41KB
File "E:\我的文件\桌面\五上第十一課\soundData\ㄏㄞˇ.mp3"
  removed 1 frame(s) (0.0s)
  removed 0.41KB
File "E:\我的文件\桌面\五上第十一課\soundData\ㄏㄞ˙.mp3"
  removed 0.49KB
File "E:\我的文件\桌面\五上第十一課\soundData\ㄏㄟ.mp3"
  removed 1 frame(s) (0.0s)
  removed 0.41KB
File "E:\我的文件\桌面\五上第十一課\soundData\ㄏㄟˋ.mp3"
  removed 0.28KB
File "E:\我的文件\桌面\五上第十一課\soundData\ㄏㄟˊ.mp3"
  removed 0.28KB
File "E:\我的文件\桌面\五上第十一課\soundData\ㄏㄟˇ.mp3"
  removed 0.28KB
File "E:\我的文件\桌面\五上第十一課\soundData\ㄏㄟ˙.mp3"
  removed 0.28KB
File "E:\我的文件\桌面\五上第十一課\soundData\ㄏㄠ.mp3"
  removed 1 frame(s) (0.0s)
  removed 0.41KB
File "E:\我的文件\桌面\五上第十一課\soundData\ㄏㄠˋ.mp3"
  removed 1 frame(s) (0.0s)
  removed 0.41KB
File "E:\我的文件\桌面\五上第十一課\soundData\ㄏㄠˊ.mp3"
  removed 1 frame(s) (0.0s)
  removed 0.41KB
File "E:\我的文件\桌面\五上第十一課\soundData\ㄏㄠˇ.mp3"
  removed 1 frame(s) (0.0s)
  removed 0.41KB
File "E:\我的文件\桌面\五上第十一課\soundData\ㄏㄠ˙.mp3"
  removed 0.49KB
File "E:\我的文件\桌面\五上第十一課\soundData\ㄏㄡ.mp3"
  removed 1 frame(s) (0.0s)
  removed 0.41KB
File "E:\我的文件\桌面\五上第十一課\soundData\ㄏㄡˋ.mp3"
  removed 1 frame(s) (0.0s)
  removed 0.41KB
File "E:\我的文件\桌面\五上第十一課\soundData\ㄏㄡˊ.mp3"
  removed 1 frame(s) (0.0s)
  removed 0.41KB
File "E:\我的文件\桌面\五上第十一課\soundData\ㄏㄡˇ.mp3"
  removed 1 frame(s) (0.0s)
  removed 0.41KB
File "E:\我的文件\桌面\五上第十一課\soundData\ㄏㄡ˙.mp3"
  removed 0.49KB
File "E:\我的文件\桌面\五上第十一課\soundData\ㄏㄢ.mp3"
  removed 1 frame(s) (0.0s)
  removed 0.41KB
File "E:\我的文件\桌面\五上第十一課\soundData\ㄏㄢˋ.mp3"
  removed 1 frame(s) (0.0s)
  removed 0.41KB
File "E:\我的文件\桌面\五上第十一課\soundData\ㄏㄢˊ.mp3"
  removed 1 frame(s) (0.0s)
  removed 0.41KB
File "E:\我的文件\桌面\五上第十一課\soundData\ㄏㄢˇ.mp3"
  removed 1 frame(s) (0.0s)
  removed 0.41KB
File "E:\我的文件\桌面\五上第十一課\soundData\ㄏㄢ˙.mp3"
  removed 0.49KB
File "E:\我的文件\桌面\五上第十一課\soundData\ㄏㄣ.mp3"
  removed 0.49KB
File "E:\我的文件\桌面\五上第十一課\soundData\ㄏㄣˋ.mp3"
  removed 1 frame(s) (0.0s)
  removed 0.41KB
File "E:\我的文件\桌面\五上第十一課\soundData\ㄏㄣˊ.mp3"
  removed 1 frame(s) (0.0s)
  removed 0.41KB
File "E:\我的文件\桌面\五上第十一課\soundData\ㄏㄣˇ.mp3"
  removed 1 frame(s) (0.0s)
  removed 0.41KB
File "E:\我的文件\桌面\五上第十一課\soundData\ㄏㄣ˙.mp3"
  removed 0.49KB
File "E:\我的文件\桌面\五上第十一課\soundData\ㄏㄤ.mp3"
  removed 0.49KB
File "E:\我的文件\桌面\五上第十一課\soundData\ㄏㄤˋ.mp3"
  removed 1 frame(s) (0.0s)
  removed 0.41KB
File "E:\我的文件\桌面\五上第十一課\soundData\ㄏㄤˊ.mp3"
  removed 1 frame(s) (0.0s)
  removed 0.41KB
File "E:\我的文件\桌面\五上第十一課\soundData\ㄏㄤˇ.mp3"
  removed 0.49KB
File "E:\我的文件\桌面\五上第十一課\soundData\ㄏㄤ˙.mp3"
  removed 0.49KB
File "E:\我的文件\桌面\五上第十一課\soundData\ㄏㄥ.mp3"
  removed 1 frame(s) (0.0s)
  removed 0.41KB
File "E:\我的文件\桌面\五上第十一課\soundData\ㄏㄥˋ.mp3"
  removed 1 frame(s) (0.0s)
  removed 0.41KB
File "E:\我的文件\桌面\五上第十一課\soundData\ㄏㄥˊ.mp3"
  removed 1 frame(s) (0.0s)
  removed 0.41KB
File "E:\我的文件\桌面\五上第十一課\soundData\ㄏㄥˇ.mp3"
  removed 0.15KB
File "E:\我的文件\桌面\五上第十一課\soundData\ㄏㄥ˙.mp3"
  removed 0.49KB
File "E:\我的文件\桌面\五上第十一課\soundData\ㄏㄨ.mp3"
  removed 1 frame(s) (0.0s)
  removed 0.41KB
File "E:\我的文件\桌面\五上第十一課\soundData\ㄏㄨˋ.mp3"
  removed 1 frame(s) (0.0s)
  removed 0.41KB
File "E:\我的文件\桌面\五上第十一課\soundData\ㄏㄨˊ.mp3"
  removed 1 frame(s) (0.0s)
  removed 0.41KB
File "E:\我的文件\桌面\五上第十一課\soundData\ㄏㄨˇ.mp3"
  removed 1 frame(s) (0.0s)
  removed 0.41KB
File "E:\我的文件\桌面\五上第十一課\soundData\ㄏㄨ˙.mp3"
  removed 0.28KB
File "E:\我的文件\桌面\五上第十一課\soundData\ㄏㄨㄚ.mp3"
  removed 1 frame(s) (0.0s)
  removed 0.41KB
File "E:\我的文件\桌面\五上第十一課\soundData\ㄏㄨㄚˋ.mp3"
  removed 1 frame(s) (0.0s)
  removed 0.41KB
File "E:\我的文件\桌面\五上第十一課\soundData\ㄏㄨㄚˊ.mp3"
  removed 1 frame(s) (0.0s)
  removed 0.41KB
File "E:\我的文件\桌面\五上第十一課\soundData\ㄏㄨㄚˇ.mp3"
  removed 0.28KB
File "E:\我的文件\桌面\五上第十一課\soundData\ㄏㄨㄚ˙.mp3"
  removed 0.28KB
File "E:\我的文件\桌面\五上第十一課\soundData\ㄏㄨㄛ.mp3"
  removed 0.28KB
File "E:\我的文件\桌面\五上第十一課\soundData\ㄏㄨㄛˋ.mp3"
  removed 1 frame(s) (0.0s)
  removed 0.41KB
File "E:\我的文件\桌面\五上第十一課\soundData\ㄏㄨㄛˊ.mp3"
  removed 1 frame(s) (0.0s)
  removed 0.41KB
File "E:\我的文件\桌面\五上第十一課\soundData\ㄏㄨㄛˇ.mp3"
  removed 1 frame(s) (0.0s)
  removed 0.41KB
File "E:\我的文件\桌面\五上第十一課\soundData\ㄏㄨㄛ˙.mp3"
  removed 1 frame(s) (0.0s)
  removed 0.41KB
File "E:\我的文件\桌面\五上第十一課\soundData\ㄏㄨㄞ.mp3"
  removed 0.28KB
File "E:\我的文件\桌面\五上第十一課\soundData\ㄏㄨㄞˋ.mp3"
  removed 1 frame(s) (0.0s)
  removed 0.41KB
File "E:\我的文件\桌面\五上第十一課\soundData\ㄏㄨㄞˊ.mp3"
  removed 1 frame(s) (0.0s)
  removed 0.41KB
File "E:\我的文件\桌面\五上第十一課\soundData\ㄏㄨㄞˇ.mp3"
  removed 0.28KB
File "E:\我的文件\桌面\五上第十一課\soundData\ㄏㄨㄞ˙.mp3"
  removed 0.28KB
File "E:\我的文件\桌面\五上第十一課\soundData\ㄏㄨㄟ.mp3"
  removed 1 frame(s) (0.0s)
  removed 0.41KB
File "E:\我的文件\桌面\五上第十一課\soundData\ㄏㄨㄟˋ.mp3"
  removed 1 frame(s) (0.0s)
  removed 0.41KB
File "E:\我的文件\桌面\五上第十一課\soundData\ㄏㄨㄟˊ.mp3"
  removed 1 frame(s) (0.0s)
  removed 0.41KB
File "E:\我的文件\桌面\五上第十一課\soundData\ㄏㄨㄟˇ.mp3"
  removed 1 frame(s) (0.0s)
  removed 0.41KB
File "E:\我的文件\桌面\五上第十一課\soundData\ㄏㄨㄟ˙.mp3"
  removed 0.28KB
File "E:\我的文件\桌面\五上第十一課\soundData\ㄏㄨㄢ.mp3"
  removed 1 frame(s) (0.0s)
  removed 0.41KB
File "E:\我的文件\桌面\五上第十一課\soundData\ㄏㄨㄢˋ.mp3"
  removed 1 frame(s) (0.0s)
  removed 0.41KB
File "E:\我的文件\桌面\五上第十一課\soundData\ㄏㄨㄢˊ.mp3"
  removed 1 frame(s) (0.0s)
  removed 0.41KB
File "E:\我的文件\桌面\五上第十一課\soundData\ㄏㄨㄢˇ.mp3"
  removed 1 frame(s) (0.0s)
  removed 0.41KB
File "E:\我的文件\桌面\五上第十一課\soundData\ㄏㄨㄢ˙.mp3"
  removed 0.28KB
File "E:\我的文件\桌面\五上第十一課\soundData\ㄏㄨㄣ.mp3"
  removed 1 frame(s) (0.0s)
  removed 0.41KB
File "E:\我的文件\桌面\五上第十一課\soundData\ㄏㄨㄣˋ.mp3"
  removed 1 frame(s) (0.0s)
  removed 0.41KB
File "E:\我的文件\桌面\五上第十一課\soundData\ㄏㄨㄣˊ.mp3"
  removed 1 frame(s) (0.0s)
  removed 0.41KB
File "E:\我的文件\桌面\五上第十一課\soundData\ㄏㄨㄣˇ.mp3"
  removed 1 frame(s) (0.0s)
  removed 0.41KB
File "E:\我的文件\桌面\五上第十一課\soundData\ㄏㄨㄣ˙.mp3"
  removed 0.28KB
File "E:\我的文件\桌面\五上第十一課\soundData\ㄏㄨㄤ.mp3"
  removed 1 frame(s) (0.0s)
  removed 0.41KB
File "E:\我的文件\桌面\五上第十一課\soundData\ㄏㄨㄤˋ.mp3"
  removed 1 frame(s) (0.0s)
  removed 0.41KB
File "E:\我的文件\桌面\五上第十一課\soundData\ㄏㄨㄤˊ.mp3"
  removed 1 frame(s) (0.0s)
  removed 0.41KB
File "E:\我的文件\桌面\五上第十一課\soundData\ㄏㄨㄤˇ.mp3"
  removed 1 frame(s) (0.0s)
  removed 0.41KB
File "E:\我的文件\桌面\五上第十一課\soundData\ㄏㄨㄤ˙.mp3"
  removed 0.28KB
File "E:\我的文件\桌面\五上第十一課\soundData\ㄏㄨㄥ.mp3"
  removed 1 frame(s) (0.0s)
  removed 0.41KB
File "E:\我的文件\桌面\五上第十一課\soundData\ㄏㄨㄥˋ.mp3"
  removed 1 frame(s) (0.0s)
  removed 0.41KB
File "E:\我的文件\桌面\五上第十一課\soundData\ㄏㄨㄥˊ.mp3"
  removed 1 frame(s) (0.0s)
  removed 0.41KB
File "E:\我的文件\桌面\五上第十一課\soundData\ㄏㄨㄥˇ.mp3"
  removed 1 frame(s) (0.0s)
  removed 0.41KB
File "E:\我的文件\桌面\五上第十一課\soundData\ㄏㄨㄥ˙.mp3"
  removed 0.28KB
File "E:\我的文件\桌面\五上第十一課\soundData\ㄐ.mp3"
File "E:\我的文件\桌面\五上第十一課\soundData\ㄐˋ.mp3"
File "E:\我的文件\桌面\五上第十一課\soundData\ㄐˊ.mp3"
File "E:\我的文件\桌面\五上第十一課\soundData\ㄐˇ.mp3"
File "E:\我的文件\桌面\五上第十一課\soundData\ㄐ˙.mp3"
File "E:\我的文件\桌面\五上第十一課\soundData\ㄐㄧ.mp3"
  removed 1 frame(s) (0.0s)
  removed 0.41KB
File "E:\我的文件\桌面\五上第十一課\soundData\ㄐㄧˋ.mp3"
  removed 1 frame(s) (0.0s)
  removed 0.41KB
File "E:\我的文件\桌面\五上第十一課\soundData\ㄐㄧˊ.mp3"
  removed 1 frame(s) (0.0s)
  removed 0.41KB
File "E:\我的文件\桌面\五上第十一課\soundData\ㄐㄧˇ.mp3"
  removed 1 frame(s) (0.0s)
  removed 0.41KB
File "E:\我的文件\桌面\五上第十一課\soundData\ㄐㄧ˙.mp3"
  removed 0.28KB
File "E:\我的文件\桌面\五上第十一課\soundData\ㄐㄧㄚ.mp3"
  removed 1 frame(s) (0.0s)
  removed 0.41KB
File "E:\我的文件\桌面\五上第十一課\soundData\ㄐㄧㄚˋ.mp3"
  removed 1 frame(s) (0.0s)
  removed 0.41KB
File "E:\我的文件\桌面\五上第十一課\soundData\ㄐㄧㄚˊ.mp3"
  removed 1 frame(s) (0.0s)
  removed 0.41KB
File "E:\我的文件\桌面\五上第十一課\soundData\ㄐㄧㄚˇ.mp3"
  removed 1 frame(s) (0.0s)
  removed 0.41KB
File "E:\我的文件\桌面\五上第十一課\soundData\ㄐㄧㄚ˙.mp3"
  removed 0.28KB
File "E:\我的文件\桌面\五上第十一課\soundData\ㄐㄧㄝ.mp3"
File "E:\我的文件\桌面\五上第十一課\soundData\ㄐㄧㄝˋ.mp3"
  removed 1 frame(s) (0.0s)
  removed 0.41KB
File "E:\我的文件\桌面\五上第十一課\soundData\ㄐㄧㄝˊ.mp3"
  removed 1 frame(s) (0.0s)
  removed 0.41KB
File "E:\我的文件\桌面\五上第十一課\soundData\ㄐㄧㄝˇ.mp3"
  removed 1 frame(s) (0.0s)
  removed 0.41KB
File "E:\我的文件\桌面\五上第十一課\soundData\ㄐㄧㄝ˙.mp3"
  removed 1 frame(s) (0.0s)
  removed 0.41KB
File "E:\我的文件\桌面\五上第十一課\soundData\ㄐㄧㄠ.mp3"
File "E:\我的文件\桌面\五上第十一課\soundData\ㄐㄧㄠˋ.mp3"
  removed 1 frame(s) (0.0s)
  removed 0.41KB
File "E:\我的文件\桌面\五上第十一課\soundData\ㄐㄧㄠˊ.mp3"
  removed 1 frame(s) (0.0s)
  removed 0.41KB
File "E:\我的文件\桌面\五上第十一課\soundData\ㄐㄧㄠˇ.mp3"
  removed 1 frame(s) (0.0s)
  removed 0.41KB
File "E:\我的文件\桌面\五上第十一課\soundData\ㄐㄧㄠ˙.mp3"
  removed 0.28KB
File "E:\我的文件\桌面\五上第十一課\soundData\ㄐㄧㄡ.mp3"
  removed 1 frame(s) (0.0s)
  removed 0.41KB
File "E:\我的文件\桌面\五上第十一課\soundData\ㄐㄧㄡˋ.mp3"
  removed 1 frame(s) (0.0s)
  removed 0.41KB
File "E:\我的文件\桌面\五上第十一課\soundData\ㄐㄧㄡˊ.mp3"
  removed 0.28KB
File "E:\我的文件\桌面\五上第十一課\soundData\ㄐㄧㄡˇ.mp3"
  removed 1 frame(s) (0.0s)
  removed 0.41KB
File "E:\我的文件\桌面\五上第十一課\soundData\ㄐㄧㄡ˙.mp3"
  removed 1 frame(s) (0.0s)
  removed 0.41KB
File "E:\我的文件\桌面\五上第十一課\soundData\ㄐㄧㄢ.mp3"
  removed 1 frame(s) (0.0s)
  removed 0.41KB
File "E:\我的文件\桌面\五上第十一課\soundData\ㄐㄧㄢˋ.mp3"
  removed 1 frame(s) (0.0s)
  removed 0.41KB
File "E:\我的文件\桌面\五上第十一課\soundData\ㄐㄧㄢˊ.mp3"
  removed 0.28KB
File "E:\我的文件\桌面\五上第十一課\soundData\ㄐㄧㄢˇ.mp3"
  removed 1 frame(s) (0.0s)
  removed 0.41KB
File "E:\我的文件\桌面\五上第十一課\soundData\ㄐㄧㄢ˙.mp3"
  removed 0.28KB
File "E:\我的文件\桌面\五上第十一課\soundData\ㄐㄧㄣ.mp3"
  removed 1 frame(s) (0.0s)
  removed 0.41KB
File "E:\我的文件\桌面\五上第十一課\soundData\ㄐㄧㄣˋ.mp3"
  removed 1 frame(s) (0.0s)
  removed 0.41KB
File "E:\我的文件\桌面\五上第十一課\soundData\ㄐㄧㄣˊ.mp3"
  removed 0.28KB
File "E:\我的文件\桌面\五上第十一課\soundData\ㄐㄧㄣˇ.mp3"
  removed 1 frame(s) (0.0s)
  removed 0.41KB
File "E:\我的文件\桌面\五上第十一課\soundData\ㄐㄧㄣ˙.mp3"
  removed 0.28KB
File "E:\我的文件\桌面\五上第十一課\soundData\ㄐㄧㄤ.mp3"
  removed 1 frame(s) (0.0s)
  removed 0.41KB
File "E:\我的文件\桌面\五上第十一課\soundData\ㄐㄧㄤˋ.mp3"
  removed 1 frame(s) (0.0s)
  removed 0.41KB
File "E:\我的文件\桌面\五上第十一課\soundData\ㄐㄧㄤˊ.mp3"
  removed 0.28KB
File "E:\我的文件\桌面\五上第十一課\soundData\ㄐㄧㄤˇ.mp3"
  removed 1 frame(s) (0.0s)
  removed 0.41KB
File "E:\我的文件\桌面\五上第十一課\soundData\ㄐㄧㄤ˙.mp3"
  removed 0.28KB
File "E:\我的文件\桌面\五上第十一課\soundData\ㄐㄧㄥ.mp3"
  removed 1 frame(s) (0.0s)
  removed 0.41KB
File "E:\我的文件\桌面\五上第十一課\soundData\ㄐㄧㄥˋ.mp3"
  removed 1 frame(s) (0.0s)
  removed 0.41KB
File "E:\我的文件\桌面\五上第十一課\soundData\ㄐㄧㄥˊ.mp3"
  removed 0.28KB
File "E:\我的文件\桌面\五上第十一課\soundData\ㄐㄧㄥˇ.mp3"
  removed 1 frame(s) (0.0s)
  removed 0.41KB
File "E:\我的文件\桌面\五上第十一課\soundData\ㄐㄧㄥ˙.mp3"
  removed 0.28KB
File "E:\我的文件\桌面\五上第十一課\soundData\ㄐㄩ.mp3"
  removed 1 frame(s) (0.0s)
  removed 0.41KB
File "E:\我的文件\桌面\五上第十一課\soundData\ㄐㄩˋ.mp3"
  removed 1 frame(s) (0.0s)
  removed 0.41KB
File "E:\我的文件\桌面\五上第十一課\soundData\ㄐㄩˊ.mp3"
  removed 1 frame(s) (0.0s)
  removed 0.41KB
File "E:\我的文件\桌面\五上第十一課\soundData\ㄐㄩˇ.mp3"
  removed 1 frame(s) (0.0s)
  removed 0.41KB
File "E:\我的文件\桌面\五上第十一課\soundData\ㄐㄩ˙.mp3"
  removed 1 frame(s) (0.0s)
  removed 0.41KB
File "E:\我的文件\桌面\五上第十一課\soundData\ㄐㄩㄝ.mp3"
  removed 1 frame(s) (0.0s)
  removed 0.41KB
File "E:\我的文件\桌面\五上第十一課\soundData\ㄐㄩㄝˋ.mp3"
  removed 1 frame(s) (0.0s)
  removed 0.41KB
File "E:\我的文件\桌面\五上第十一課\soundData\ㄐㄩㄝˊ.mp3"
  removed 1 frame(s) (0.0s)
  removed 0.41KB
File "E:\我的文件\桌面\五上第十一課\soundData\ㄐㄩㄝˇ.mp3"
  removed 0.28KB
File "E:\我的文件\桌面\五上第十一課\soundData\ㄐㄩㄝ˙.mp3"
  removed 0.28KB
File "E:\我的文件\桌面\五上第十一課\soundData\ㄐㄩㄢ.mp3"
  removed 1 frame(s) (0.0s)
  removed 0.41KB
File "E:\我的文件\桌面\五上第十一課\soundData\ㄐㄩㄢˋ.mp3"
  removed 1 frame(s) (0.0s)
  removed 0.41KB
File "E:\我的文件\桌面\五上第十一課\soundData\ㄐㄩㄢˊ.mp3"
  removed 0.28KB
File "E:\我的文件\桌面\五上第十一課\soundData\ㄐㄩㄢˇ.mp3"
  removed 1 frame(s) (0.0s)
  removed 0.41KB
File "E:\我的文件\桌面\五上第十一課\soundData\ㄐㄩㄢ˙.mp3"
  removed 0.28KB
File "E:\我的文件\桌面\五上第十一課\soundData\ㄐㄩㄣ.mp3"
  removed 1 frame(s) (0.0s)
  removed 0.41KB
File "E:\我的文件\桌面\五上第十一課\soundData\ㄐㄩㄣˋ.mp3"
  removed 1 frame(s) (0.0s)
  removed 0.41KB
File "E:\我的文件\桌面\五上第十一課\soundData\ㄐㄩㄣˊ.mp3"
  removed 0.28KB
File "E:\我的文件\桌面\五上第十一課\soundData\ㄐㄩㄣˇ.mp3"
  removed 0.28KB
File "E:\我的文件\桌面\五上第十一課\soundData\ㄐㄩㄣ˙.mp3"
  removed 0.28KB
File "E:\我的文件\桌面\五上第十一課\soundData\ㄐㄩㄥ.mp3"
File "E:\我的文件\桌面\五上第十一課\soundData\ㄐㄩㄥˋ.mp3"
  removed 0.28KB
File "E:\我的文件\桌面\五上第十一課\soundData\ㄐㄩㄥˊ.mp3"
  removed 0.28KB
File "E:\我的文件\桌面\五上第十一課\soundData\ㄐㄩㄥˇ.mp3"
  removed 1 frame(s) (0.0s)
  removed 0.41KB
File "E:\我的文件\桌面\五上第十一課\soundData\ㄐㄩㄥ˙.mp3"
  removed 0.28KB
File "E:\我的文件\桌面\五上第十一課\soundData\ㄑ.mp3"
File "E:\我的文件\桌面\五上第十一課\soundData\ㄑˋ.mp3"
File "E:\我的文件\桌面\五上第十一課\soundData\ㄑˊ.mp3"
File "E:\我的文件\桌面\五上第十一課\soundData\ㄑˇ.mp3"
File "E:\我的文件\桌面\五上第十一課\soundData\ㄑ˙.mp3"
File "E:\我的文件\桌面\五上第十一課\soundData\ㄑㄧ.mp3"
  removed 1 frame(s) (0.0s)
  removed 0.41KB
File "E:\我的文件\桌面\五上第十一課\soundData\ㄑㄧˋ.mp3"
  removed 1 frame(s) (0.0s)
  removed 0.41KB
File "E:\我的文件\桌面\五上第十一課\soundData\ㄑㄧˊ.mp3"
  removed 1 frame(s) (0.0s)
  removed 0.41KB
File "E:\我的文件\桌面\五上第十一課\soundData\ㄑㄧˇ.mp3"
  removed 1 frame(s) (0.0s)
  removed 0.41KB
File "E:\我的文件\桌面\五上第十一課\soundData\ㄑㄧ˙.mp3"
  removed 0.28KB
File "E:\我的文件\桌面\五上第十一課\soundData\ㄑㄧㄚ.mp3"
  removed 1 frame(s) (0.0s)
  removed 0.41KB
File "E:\我的文件\桌面\五上第十一課\soundData\ㄑㄧㄚˋ.mp3"
  removed 1 frame(s) (0.0s)
  removed 0.41KB
File "E:\我的文件\桌面\五上第十一課\soundData\ㄑㄧㄚˊ.mp3"
  removed 0.28KB
File "E:\我的文件\桌面\五上第十一課\soundData\ㄑㄧㄚˇ.mp3"
  removed 1 frame(s) (0.0s)
  removed 0.41KB
File "E:\我的文件\桌面\五上第十一課\soundData\ㄑㄧㄚ˙.mp3"
  removed 0.28KB
File "E:\我的文件\桌面\五上第十一課\soundData\ㄑㄧㄝ.mp3"
  removed 1 frame(s) (0.0s)
  removed 0.41KB
File "E:\我的文件\桌面\五上第十一課\soundData\ㄑㄧㄝˋ.mp3"
  removed 1 frame(s) (0.0s)
  removed 0.41KB
File "E:\我的文件\桌面\五上第十一課\soundData\ㄑㄧㄝˊ.mp3"
  removed 1 frame(s) (0.0s)
  removed 0.41KB
File "E:\我的文件\桌面\五上第十一課\soundData\ㄑㄧㄝˇ.mp3"
  removed 1 frame(s) (0.0s)
  removed 0.41KB
File "E:\我的文件\桌面\五上第十一課\soundData\ㄑㄧㄝ˙.mp3"
  removed 0.28KB
File "E:\我的文件\桌面\五上第十一課\soundData\ㄑㄧㄠ.mp3"
  removed 1 frame(s) (0.0s)
  removed 0.41KB
File "E:\我的文件\桌面\五上第十一課\soundData\ㄑㄧㄠˋ.mp3"
  removed 1 frame(s) (0.0s)
  removed 0.41KB
File "E:\我的文件\桌面\五上第十一課\soundData\ㄑㄧㄠˊ.mp3"
  removed 1 frame(s) (0.0s)
  removed 0.41KB
File "E:\我的文件\桌面\五上第十一課\soundData\ㄑㄧㄠˇ.mp3"
  removed 1 frame(s) (0.0s)
  removed 0.41KB
File "E:\我的文件\桌面\五上第十一課\soundData\ㄑㄧㄠ˙.mp3"
  removed 0.28KB
File "E:\我的文件\桌面\五上第十一課\soundData\ㄑㄧㄡ.mp3"
  removed 1 frame(s) (0.0s)
  removed 0.41KB
File "E:\我的文件\桌面\五上第十一課\soundData\ㄑㄧㄡˋ.mp3"
  removed 0.28KB
File "E:\我的文件\桌面\五上第十一課\soundData\ㄑㄧㄡˊ.mp3"
  removed 1 frame(s) (0.0s)
  removed 0.41KB
File "E:\我的文件\桌面\五上第十一課\soundData\ㄑㄧㄡˇ.mp3"
  removed 1 frame(s) (0.0s)
  removed 0.41KB
File "E:\我的文件\桌面\五上第十一課\soundData\ㄑㄧㄡ˙.mp3"
  removed 0.28KB
File "E:\我的文件\桌面\五上第十一課\soundData\ㄑㄧㄢ.mp3"
  removed 1 frame(s) (0.0s)
  removed 0.41KB
File "E:\我的文件\桌面\五上第十一課\soundData\ㄑㄧㄢˋ.mp3"
  removed 1 frame(s) (0.0s)
  removed 0.41KB
File "E:\我的文件\桌面\五上第十一課\soundData\ㄑㄧㄢˊ.mp3"
  removed 1 frame(s) (0.0s)
  removed 0.41KB
File "E:\我的文件\桌面\五上第十一課\soundData\ㄑㄧㄢˇ.mp3"
  removed 1 frame(s) (0.0s)
  removed 0.41KB
File "E:\我的文件\桌面\五上第十一課\soundData\ㄑㄧㄢ˙.mp3"
  removed 0.28KB
File "E:\我的文件\桌面\五上第十一課\soundData\ㄑㄧㄣ.mp3"
  removed 1 frame(s) (0.0s)
  removed 0.41KB
File "E:\我的文件\桌面\五上第十一課\soundData\ㄑㄧㄣˋ.mp3"
  removed 1 frame(s) (0.0s)
  removed 0.41KB
File "E:\我的文件\桌面\五上第十一課\soundData\ㄑㄧㄣˊ.mp3"
  removed 1 frame(s) (0.0s)
  removed 0.41KB
File "E:\我的文件\桌面\五上第十一課\soundData\ㄑㄧㄣˇ.mp3"
  removed 1 frame(s) (0.0s)
  removed 0.41KB
File "E:\我的文件\桌面\五上第十一課\soundData\ㄑㄧㄣ˙.mp3"
  removed 0.28KB
File "E:\我的文件\桌面\五上第十一課\soundData\ㄑㄧㄤ.mp3"
  removed 1 frame(s) (0.0s)
  removed 0.41KB
File "E:\我的文件\桌面\五上第十一課\soundData\ㄑㄧㄤˋ.mp3"
  removed 1 frame(s) (0.0s)
  removed 0.41KB
File "E:\我的文件\桌面\五上第十一課\soundData\ㄑㄧㄤˊ.mp3"
  removed 1 frame(s) (0.0s)
  removed 0.41KB
File "E:\我的文件\桌面\五上第十一課\soundData\ㄑㄧㄤˇ.mp3"
  removed 1 frame(s) (0.0s)
  removed 0.41KB
File "E:\我的文件\桌面\五上第十一課\soundData\ㄑㄧㄤ˙.mp3"
  removed 0.28KB
File "E:\我的文件\桌面\五上第十一課\soundData\ㄑㄧㄥ.mp3"
  removed 1 frame(s) (0.0s)
  removed 0.41KB
File "E:\我的文件\桌面\五上第十一課\soundData\ㄑㄧㄥˋ.mp3"
  removed 1 frame(s) (0.0s)
  removed 0.41KB
File "E:\我的文件\桌面\五上第十一課\soundData\ㄑㄧㄥˊ.mp3"
  removed 1 frame(s) (0.0s)
  removed 0.41KB
File "E:\我的文件\桌面\五上第十一課\soundData\ㄑㄧㄥˇ.mp3"
  removed 1 frame(s) (0.0s)
  removed 0.41KB
File "E:\我的文件\桌面\五上第十一課\soundData\ㄑㄧㄥ˙.mp3"
  removed 0.28KB
File "E:\我的文件\桌面\五上第十一課\soundData\ㄑㄩ.mp3"
  removed 1 frame(s) (0.0s)
  removed 0.41KB
File "E:\我的文件\桌面\五上第十一課\soundData\ㄑㄩˋ.mp3"
  removed 1 frame(s) (0.0s)
  removed 0.41KB
File "E:\我的文件\桌面\五上第十一課\soundData\ㄑㄩˊ.mp3"
  removed 1 frame(s) (0.0s)
  removed 0.41KB
File "E:\我的文件\桌面\五上第十一課\soundData\ㄑㄩˇ.mp3"
  removed 1 frame(s) (0.0s)
  removed 0.41KB
File "E:\我的文件\桌面\五上第十一課\soundData\ㄑㄩ˙.mp3"
  removed 0.28KB
File "E:\我的文件\桌面\五上第十一課\soundData\ㄑㄩㄝ.mp3"
  removed 1 frame(s) (0.0s)
  removed 0.41KB
File "E:\我的文件\桌面\五上第十一課\soundData\ㄑㄩㄝˋ.mp3"
  removed 1 frame(s) (0.0s)
  removed 0.41KB
File "E:\我的文件\桌面\五上第十一課\soundData\ㄑㄩㄝˊ.mp3"
  removed 1 frame(s) (0.0s)
  removed 0.41KB
File "E:\我的文件\桌面\五上第十一課\soundData\ㄑㄩㄝˇ.mp3"
  removed 0.28KB
File "E:\我的文件\桌面\五上第十一課\soundData\ㄑㄩㄝ˙.mp3"
  removed 0.28KB
File "E:\我的文件\桌面\五上第十一課\soundData\ㄑㄩㄢ.mp3"
  removed 1 frame(s) (0.0s)
  removed 0.41KB
File "E:\我的文件\桌面\五上第十一課\soundData\ㄑㄩㄢˋ.mp3"
  removed 1 frame(s) (0.0s)
  removed 0.41KB
File "E:\我的文件\桌面\五上第十一課\soundData\ㄑㄩㄢˊ.mp3"
  removed 1 frame(s) (0.0s)
  removed 0.41KB
File "E:\我的文件\桌面\五上第十一課\soundData\ㄑㄩㄢˇ.mp3"
  removed 1 frame(s) (0.0s)
  removed 0.41KB
File "E:\我的文件\桌面\五上第十一課\soundData\ㄑㄩㄢ˙.mp3"
  removed 0.28KB
File "E:\我的文件\桌面\五上第十一課\soundData\ㄑㄩㄣ.mp3"
  removed 1 frame(s) (0.0s)
  removed 0.41KB
File "E:\我的文件\桌面\五上第十一課\soundData\ㄑㄩㄣˋ.mp3"
  removed 0.28KB
File "E:\我的文件\桌面\五上第十一課\soundData\ㄑㄩㄣˊ.mp3"
  removed 1 frame(s) (0.0s)
  removed 0.41KB
File "E:\我的文件\桌面\五上第十一課\soundData\ㄑㄩㄣˇ.mp3"
  removed 0.28KB
File "E:\我的文件\桌面\五上第十一課\soundData\ㄑㄩㄣ˙.mp3"
  removed 0.28KB
File "E:\我的文件\桌面\五上第十一課\soundData\ㄑㄩㄥ.mp3"
  removed 1 frame(s) (0.0s)
  removed 0.41KB
File "E:\我的文件\桌面\五上第十一課\soundData\ㄑㄩㄥˋ.mp3"
  removed 0.28KB
File "E:\我的文件\桌面\五上第十一課\soundData\ㄑㄩㄥˊ.mp3"
  removed 1 frame(s) (0.0s)
  removed 0.41KB
File "E:\我的文件\桌面\五上第十一課\soundData\ㄑㄩㄥˇ.mp3"
  removed 1 frame(s) (0.0s)
  removed 0.41KB
File "E:\我的文件\桌面\五上第十一課\soundData\ㄑㄩㄥ˙.mp3"
  removed 0.28KB
File "E:\我的文件\桌面\五上第十一課\soundData\ㄒ.mp3"
File "E:\我的文件\桌面\五上第十一課\soundData\ㄒˋ.mp3"
File "E:\我的文件\桌面\五上第十一課\soundData\ㄒˊ.mp3"
File "E:\我的文件\桌面\五上第十一課\soundData\ㄒˇ.mp3"
File "E:\我的文件\桌面\五上第十一課\soundData\ㄒ˙.mp3"
File "E:\我的文件\桌面\五上第十一課\soundData\ㄒㄧ.mp3"
  removed 1 frame(s) (0.0s)
  removed 0.41KB
File "E:\我的文件\桌面\五上第十一課\soundData\ㄒㄧˋ.mp3"
  removed 1 frame(s) (0.0s)
  removed 0.41KB
File "E:\我的文件\桌面\五上第十一課\soundData\ㄒㄧˊ.mp3"
  removed 1 frame(s) (0.0s)
  removed 0.41KB
File "E:\我的文件\桌面\五上第十一課\soundData\ㄒㄧˇ.mp3"
  removed 1 frame(s) (0.0s)
  removed 0.41KB
File "E:\我的文件\桌面\五上第十一課\soundData\ㄒㄧ˙.mp3"
  removed 1 frame(s) (0.0s)
  removed 0.41KB
File "E:\我的文件\桌面\五上第十一課\soundData\ㄒㄧㄚ.mp3"
  removed 1 frame(s) (0.0s)
  removed 0.41KB
File "E:\我的文件\桌面\五上第十一課\soundData\ㄒㄧㄚˋ.mp3"
  removed 1 frame(s) (0.0s)
  removed 0.41KB
File "E:\我的文件\桌面\五上第十一課\soundData\ㄒㄧㄚˊ.mp3"
  removed 1 frame(s) (0.0s)
  removed 0.41KB
File "E:\我的文件\桌面\五上第十一課\soundData\ㄒㄧㄚˇ.mp3"
  removed 1 frame(s) (0.0s)
  removed 0.41KB
File "E:\我的文件\桌面\五上第十一課\soundData\ㄒㄧㄚ˙.mp3"
  removed 0.28KB
File "E:\我的文件\桌面\五上第十一課\soundData\ㄒㄧㄝ.mp3"
  removed 1 frame(s) (0.0s)
  removed 0.41KB
File "E:\我的文件\桌面\五上第十一課\soundData\ㄒㄧㄝˋ.mp3"
  removed 1 frame(s) (0.0s)
  removed 0.41KB
File "E:\我的文件\桌面\五上第十一課\soundData\ㄒㄧㄝˊ.mp3"
  removed 1 frame(s) (0.0s)
  removed 0.41KB
File "E:\我的文件\桌面\五上第十一課\soundData\ㄒㄧㄝˇ.mp3"
  removed 1 frame(s) (0.0s)
  removed 0.41KB
File "E:\我的文件\桌面\五上第十一課\soundData\ㄒㄧㄝ˙.mp3"
  removed 1 frame(s) (0.0s)
  removed 0.41KB
File "E:\我的文件\桌面\五上第十一課\soundData\ㄒㄧㄠ.mp3"
  removed 1 frame(s) (0.0s)
  removed 0.41KB
File "E:\我的文件\桌面\五上第十一課\soundData\ㄒㄧㄠˋ.mp3"
  removed 1 frame(s) (0.0s)
  removed 0.41KB
File "E:\我的文件\桌面\五上第十一課\soundData\ㄒㄧㄠˊ.mp3"
  removed 1 frame(s) (0.0s)
  removed 0.41KB
File "E:\我的文件\桌面\五上第十一課\soundData\ㄒㄧㄠˇ.mp3"
  removed 1 frame(s) (0.0s)
  removed 0.41KB
File "E:\我的文件\桌面\五上第十一課\soundData\ㄒㄧㄠ˙.mp3"
  removed 0.28KB
File "E:\我的文件\桌面\五上第十一課\soundData\ㄒㄧㄡ.mp3"
  removed 1 frame(s) (0.0s)
  removed 0.41KB
File "E:\我的文件\桌面\五上第十一課\soundData\ㄒㄧㄡˋ.mp3"
  removed 1 frame(s) (0.0s)
  removed 0.41KB
File "E:\我的文件\桌面\五上第十一課\soundData\ㄒㄧㄡˊ.mp3"
  removed 0.28KB
File "E:\我的文件\桌面\五上第十一課\soundData\ㄒㄧㄡˇ.mp3"
  removed 1 frame(s) (0.0s)
  removed 0.41KB
File "E:\我的文件\桌面\五上第十一課\soundData\ㄒㄧㄡ˙.mp3"
  removed 0.28KB
File "E:\我的文件\桌面\五上第十一課\soundData\ㄒㄧㄢ.mp3"
  removed 1 frame(s) (0.0s)
  removed 0.41KB
File "E:\我的文件\桌面\五上第十一課\soundData\ㄒㄧㄢˋ.mp3"
  removed 1 frame(s) (0.0s)
  removed 0.41KB
File "E:\我的文件\桌面\五上第十一課\soundData\ㄒㄧㄢˊ.mp3"
  removed 1 frame(s) (0.0s)
  removed 0.41KB
File "E:\我的文件\桌面\五上第十一課\soundData\ㄒㄧㄢˇ.mp3"
  removed 1 frame(s) (0.0s)
  removed 0.41KB
File "E:\我的文件\桌面\五上第十一課\soundData\ㄒㄧㄢ˙.mp3"
  removed 0.28KB
File "E:\我的文件\桌面\五上第十一課\soundData\ㄒㄧㄣ.mp3"
  removed 1 frame(s) (0.0s)
  removed 0.41KB
File "E:\我的文件\桌面\五上第十一課\soundData\ㄒㄧㄣˋ.mp3"
  removed 1 frame(s) (0.0s)
  removed 0.41KB
File "E:\我的文件\桌面\五上第十一課\soundData\ㄒㄧㄣˊ.mp3"
  removed 1 frame(s) (0.0s)
  removed 0.41KB
File "E:\我的文件\桌面\五上第十一課\soundData\ㄒㄧㄣˇ.mp3"
  removed 0.28KB
File "E:\我的文件\桌面\五上第十一課\soundData\ㄒㄧㄣ˙.mp3"
  removed 0.28KB
File "E:\我的文件\桌面\五上第十一課\soundData\ㄒㄧㄤ.mp3"
  removed 1 frame(s) (0.0s)
  removed 0.41KB
File "E:\我的文件\桌面\五上第十一課\soundData\ㄒㄧㄤˋ.mp3"
  removed 1 frame(s) (0.0s)
  removed 0.41KB
File "E:\我的文件\桌面\五上第十一課\soundData\ㄒㄧㄤˊ.mp3"
  removed 1 frame(s) (0.0s)
  removed 0.41KB
File "E:\我的文件\桌面\五上第十一課\soundData\ㄒㄧㄤˇ.mp3"
  removed 1 frame(s) (0.0s)
  removed 0.41KB
File "E:\我的文件\桌面\五上第十一課\soundData\ㄒㄧㄤ˙.mp3"
  removed 0.28KB
File "E:\我的文件\桌面\五上第十一課\soundData\ㄒㄧㄥ.mp3"
  removed 1 frame(s) (0.0s)
  removed 0.41KB
File "E:\我的文件\桌面\五上第十一課\soundData\ㄒㄧㄥˋ.mp3"
  removed 1 frame(s) (0.0s)
  removed 0.41KB
File "E:\我的文件\桌面\五上第十一課\soundData\ㄒㄧㄥˊ.mp3"
  removed 1 frame(s) (0.0s)
  removed 0.41KB
File "E:\我的文件\桌面\五上第十一課\soundData\ㄒㄧㄥˇ.mp3"
  removed 1 frame(s) (0.0s)
  removed 0.41KB
File "E:\我的文件\桌面\五上第十一課\soundData\ㄒㄧㄥ˙.mp3"
  removed 1 frame(s) (0.0s)
  removed 0.41KB
File "E:\我的文件\桌面\五上第十一課\soundData\ㄒㄩ.mp3"
  removed 1 frame(s) (0.0s)
  removed 0.41KB
File "E:\我的文件\桌面\五上第十一課\soundData\ㄒㄩˋ.mp3"
  removed 1 frame(s) (0.0s)
  removed 0.41KB
File "E:\我的文件\桌面\五上第十一課\soundData\ㄒㄩˊ.mp3"
  removed 1 frame(s) (0.0s)
  removed 0.41KB
File "E:\我的文件\桌面\五上第十一課\soundData\ㄒㄩˇ.mp3"
  removed 1 frame(s) (0.0s)
  removed 0.41KB
File "E:\我的文件\桌面\五上第十一課\soundData\ㄒㄩ˙.mp3"
  removed 1 frame(s) (0.0s)
  removed 0.48KB
File "E:\我的文件\桌面\五上第十一課\soundData\ㄒㄩㄝ.mp3"
  removed 1 frame(s) (0.0s)
  removed 0.41KB
File "E:\我的文件\桌面\五上第十一課\soundData\ㄒㄩㄝˋ.mp3"
  removed 1 frame(s) (0.0s)
  removed 0.41KB
File "E:\我的文件\桌面\五上第十一課\soundData\ㄒㄩㄝˊ.mp3"
  removed 1 frame(s) (0.0s)
  removed 0.41KB
File "E:\我的文件\桌面\五上第十一課\soundData\ㄒㄩㄝˇ.mp3"
  removed 1 frame(s) (0.0s)
  removed 0.41KB
File "E:\我的文件\桌面\五上第十一課\soundData\ㄒㄩㄝ˙.mp3"
  removed 0.28KB
File "E:\我的文件\桌面\五上第十一課\soundData\ㄒㄩㄢ.mp3"
  removed 1 frame(s) (0.0s)
  removed 0.41KB
File "E:\我的文件\桌面\五上第十一課\soundData\ㄒㄩㄢˋ.mp3"
  removed 1 frame(s) (0.0s)
  removed 0.41KB
File "E:\我的文件\桌面\五上第十一課\soundData\ㄒㄩㄢˊ.mp3"
File "E:\我的文件\桌面\五上第十一課\soundData\ㄒㄩㄢˇ.mp3"
  removed 1 frame(s) (0.0s)
  removed 0.41KB
File "E:\我的文件\桌面\五上第十一課\soundData\ㄒㄩㄢ˙.mp3"
  removed 0.28KB
File "E:\我的文件\桌面\五上第十一課\soundData\ㄒㄩㄣ.mp3"
  removed 1 frame(s) (0.0s)
  removed 0.41KB
File "E:\我的文件\桌面\五上第十一課\soundData\ㄒㄩㄣˋ.mp3"
  removed 1 frame(s) (0.0s)
  removed 0.41KB
File "E:\我的文件\桌面\五上第十一課\soundData\ㄒㄩㄣˊ.mp3"
  removed 1 frame(s) (0.0s)
  removed 0.41KB
File "E:\我的文件\桌面\五上第十一課\soundData\ㄒㄩㄣˇ.mp3"
  removed 0.28KB
File "E:\我的文件\桌面\五上第十一課\soundData\ㄒㄩㄣ˙.mp3"
  removed 0.28KB
File "E:\我的文件\桌面\五上第十一課\soundData\ㄒㄩㄥ.mp3"
  removed 1 frame(s) (0.0s)
  removed 0.41KB
File "E:\我的文件\桌面\五上第十一課\soundData\ㄒㄩㄥˋ.mp3"
  removed 1 frame(s) (0.0s)
  removed 0.41KB
File "E:\我的文件\桌面\五上第十一課\soundData\ㄒㄩㄥˊ.mp3"
  removed 1 frame(s) (0.0s)
  removed 0.41KB
File "E:\我的文件\桌面\五上第十一課\soundData\ㄒㄩㄥˇ.mp3"
  removed 0.28KB
File "E:\我的文件\桌面\五上第十一課\soundData\ㄒㄩㄥ˙.mp3"
  removed 1 frame(s) (0.0s)
  removed 0.41KB
File "E:\我的文件\桌面\五上第十一課\soundData\ㄓ.mp3"
File "E:\我的文件\桌面\五上第十一課\soundData\ㄓˋ.mp3"
File "E:\我的文件\桌面\五上第十一課\soundData\ㄓˊ.mp3"
File "E:\我的文件\桌面\五上第十一課\soundData\ㄓˇ.mp3"
File "E:\我的文件\桌面\五上第十一課\soundData\ㄓ˙.mp3"
File "E:\我的文件\桌面\五上第十一課\soundData\ㄓㄚ.mp3"
  removed 1 frame(s) (0.0s)
  removed 0.41KB
File "E:\我的文件\桌面\五上第十一課\soundData\ㄓㄚˋ.mp3"
  removed 1 frame(s) (0.0s)
  removed 0.41KB
File "E:\我的文件\桌面\五上第十一課\soundData\ㄓㄚˊ.mp3"
  removed 1 frame(s) (0.0s)
  removed 0.41KB
File "E:\我的文件\桌面\五上第十一課\soundData\ㄓㄚˇ.mp3"
  removed 1 frame(s) (0.0s)
  removed 0.41KB
File "E:\我的文件\桌面\五上第十一課\soundData\ㄓㄚ˙.mp3"
  removed 0.49KB
File "E:\我的文件\桌面\五上第十一課\soundData\ㄓㄜ.mp3"
  removed 1 frame(s) (0.0s)
  removed 0.41KB
File "E:\我的文件\桌面\五上第十一課\soundData\ㄓㄜˋ.mp3"
  removed 1 frame(s) (0.0s)
  removed 0.41KB
File "E:\我的文件\桌面\五上第十一課\soundData\ㄓㄜˊ.mp3"
  removed 1 frame(s) (0.0s)
  removed 0.41KB
File "E:\我的文件\桌面\五上第十一課\soundData\ㄓㄜˇ.mp3"
  removed 1 frame(s) (0.0s)
  removed 0.41KB
File "E:\我的文件\桌面\五上第十一課\soundData\ㄓㄜ˙.mp3"
  removed 1 frame(s) (0.0s)
  removed 0.41KB
File "E:\我的文件\桌面\五上第十一課\soundData\ㄓㄞ.mp3"
  removed 1 frame(s) (0.0s)
  removed 0.41KB
File "E:\我的文件\桌面\五上第十一課\soundData\ㄓㄞˋ.mp3"
  removed 1 frame(s) (0.0s)
  removed 0.41KB
File "E:\我的文件\桌面\五上第十一課\soundData\ㄓㄞˊ.mp3"
  removed 1 frame(s) (0.0s)
  removed 0.41KB
File "E:\我的文件\桌面\五上第十一課\soundData\ㄓㄞˇ.mp3"
  removed 1 frame(s) (0.0s)
  removed 0.41KB
File "E:\我的文件\桌面\五上第十一課\soundData\ㄓㄞ˙.mp3"
  removed 0.49KB
File "E:\我的文件\桌面\五上第十一課\soundData\ㄓㄠ.mp3"
File "E:\我的文件\桌面\五上第十一課\soundData\ㄓㄠˋ.mp3"
  removed 1 frame(s) (0.0s)
  removed 0.41KB
File "E:\我的文件\桌面\五上第十一課\soundData\ㄓㄠˊ.mp3"
  removed 1 frame(s) (0.0s)
  removed 0.41KB
File "E:\我的文件\桌面\五上第十一課\soundData\ㄓㄠˇ.mp3"
  removed 1 frame(s) (0.0s)
  removed 0.41KB
File "E:\我的文件\桌面\五上第十一課\soundData\ㄓㄠ˙.mp3"
  removed 0.49KB
File "E:\我的文件\桌面\五上第十一課\soundData\ㄓㄡ.mp3"
  removed 1 frame(s) (0.0s)
  removed 0.41KB
File "E:\我的文件\桌面\五上第十一課\soundData\ㄓㄡˋ.mp3"
  removed 1 frame(s) (0.0s)
  removed 0.41KB
File "E:\我的文件\桌面\五上第十一課\soundData\ㄓㄡˊ.mp3"
  removed 1 frame(s) (0.0s)
  removed 0.41KB
File "E:\我的文件\桌面\五上第十一課\soundData\ㄓㄡˇ.mp3"
  removed 1 frame(s) (0.0s)
  removed 0.41KB
File "E:\我的文件\桌面\五上第十一課\soundData\ㄓㄡ˙.mp3"
  removed 0.49KB
File "E:\我的文件\桌面\五上第十一課\soundData\ㄓㄢ.mp3"
  removed 1 frame(s) (0.0s)
  removed 0.41KB
File "E:\我的文件\桌面\五上第十一課\soundData\ㄓㄢˋ.mp3"
  removed 1 frame(s) (0.0s)
  removed 0.41KB
File "E:\我的文件\桌面\五上第十一課\soundData\ㄓㄢˊ.mp3"
  removed 0.49KB
File "E:\我的文件\桌面\五上第十一課\soundData\ㄓㄢˇ.mp3"
  removed 1 frame(s) (0.0s)
  removed 0.41KB
File "E:\我的文件\桌面\五上第十一課\soundData\ㄓㄢ˙.mp3"
  removed 0.49KB
File "E:\我的文件\桌面\五上第十一課\soundData\ㄓㄣ.mp3"
  removed 1 frame(s) (0.0s)
  removed 0.41KB
File "E:\我的文件\桌面\五上第十一課\soundData\ㄓㄣˋ.mp3"
  removed 1 frame(s) (0.0s)
  removed 0.41KB
File "E:\我的文件\桌面\五上第十一課\soundData\ㄓㄣˊ.mp3"
  removed 0.49KB
File "E:\我的文件\桌面\五上第十一課\soundData\ㄓㄣˇ.mp3"
  removed 1 frame(s) (0.0s)
  removed 0.41KB
File "E:\我的文件\桌面\五上第十一課\soundData\ㄓㄣ˙.mp3"
  removed 0.49KB
File "E:\我的文件\桌面\五上第十一課\soundData\ㄓㄤ.mp3"
  removed 1 frame(s) (0.0s)
  removed 0.41KB
File "E:\我的文件\桌面\五上第十一課\soundData\ㄓㄤˋ.mp3"
  removed 1 frame(s) (0.0s)
  removed 0.41KB
File "E:\我的文件\桌面\五上第十一課\soundData\ㄓㄤˊ.mp3"
  removed 0.49KB
File "E:\我的文件\桌面\五上第十一課\soundData\ㄓㄤˇ.mp3"
  removed 1 frame(s) (0.0s)
  removed 0.41KB
File "E:\我的文件\桌面\五上第十一課\soundData\ㄓㄤ˙.mp3"
  removed 0.49KB
File "E:\我的文件\桌面\五上第十一課\soundData\ㄓㄥ.mp3"
  removed 1 frame(s) (0.0s)
  removed 0.41KB
File "E:\我的文件\桌面\五上第十一課\soundData\ㄓㄥˋ.mp3"
  removed 1 frame(s) (0.0s)
  removed 0.41KB
File "E:\我的文件\桌面\五上第十一課\soundData\ㄓㄥˊ.mp3"
  removed 0.15KB
File "E:\我的文件\桌面\五上第十一課\soundData\ㄓㄥˇ.mp3"
  removed 1 frame(s) (0.0s)
  removed 0.41KB
File "E:\我的文件\桌面\五上第十一課\soundData\ㄓㄥ˙.mp3"
  removed 0.49KB
File "E:\我的文件\桌面\五上第十一課\soundData\ㄓㄨ.mp3"
  removed 1 frame(s) (0.0s)
  removed 0.41KB
File "E:\我的文件\桌面\五上第十一課\soundData\ㄓㄨˋ.mp3"
  removed 1 frame(s) (0.0s)
  removed 0.41KB
File "E:\我的文件\桌面\五上第十一課\soundData\ㄓㄨˊ.mp3"
  removed 1 frame(s) (0.0s)
  removed 0.41KB
File "E:\我的文件\桌面\五上第十一課\soundData\ㄓㄨˇ.mp3"
  removed 1 frame(s) (0.0s)
  removed 0.41KB
File "E:\我的文件\桌面\五上第十一課\soundData\ㄓㄨ˙.mp3"
  removed 0.28KB
File "E:\我的文件\桌面\五上第十一課\soundData\ㄓㄨㄚ.mp3"
  removed 1 frame(s) (0.0s)
  removed 0.41KB
File "E:\我的文件\桌面\五上第十一課\soundData\ㄓㄨㄚˋ.mp3"
  removed 0.28KB
File "E:\我的文件\桌面\五上第十一課\soundData\ㄓㄨㄚˊ.mp3"
  removed 0.28KB
File "E:\我的文件\桌面\五上第十一課\soundData\ㄓㄨㄚˇ.mp3"
  removed 1 frame(s) (0.0s)
  removed 0.41KB
File "E:\我的文件\桌面\五上第十一課\soundData\ㄓㄨㄚ˙.mp3"
  removed 0.28KB
File "E:\我的文件\桌面\五上第十一課\soundData\ㄓㄨㄛ.mp3"
  removed 1 frame(s) (0.0s)
  removed 0.41KB
File "E:\我的文件\桌面\五上第十一課\soundData\ㄓㄨㄛˋ.mp3"
  removed 0.28KB
File "E:\我的文件\桌面\五上第十一課\soundData\ㄓㄨㄛˊ.mp3"
  removed 1 frame(s) (0.0s)
  removed 0.41KB
File "E:\我的文件\桌面\五上第十一課\soundData\ㄓㄨㄛˇ.mp3"
  removed 0.28KB
File "E:\我的文件\桌面\五上第十一課\soundData\ㄓㄨㄛ˙.mp3"
  removed 0.28KB
File "E:\我的文件\桌面\五上第十一課\soundData\ㄓㄨㄞ.mp3"
  removed 0.28KB
File "E:\我的文件\桌面\五上第十一課\soundData\ㄓㄨㄞˋ.mp3"
  removed 1 frame(s) (0.0s)
  removed 0.41KB
File "E:\我的文件\桌面\五上第十一課\soundData\ㄓㄨㄞˊ.mp3"
  removed 0.28KB
File "E:\我的文件\桌面\五上第十一課\soundData\ㄓㄨㄞˇ.mp3"
  removed 1 frame(s) (0.0s)
  removed 0.41KB
File "E:\我的文件\桌面\五上第十一課\soundData\ㄓㄨㄞ˙.mp3"
  removed 0.28KB
File "E:\我的文件\桌面\五上第十一課\soundData\ㄓㄨㄟ.mp3"
  removed 1 frame(s) (0.0s)
  removed 0.41KB
File "E:\我的文件\桌面\五上第十一課\soundData\ㄓㄨㄟˋ.mp3"
  removed 1 frame(s) (0.0s)
  removed 0.41KB
File "E:\我的文件\桌面\五上第十一課\soundData\ㄓㄨㄟˊ.mp3"
  removed 0.28KB
File "E:\我的文件\桌面\五上第十一課\soundData\ㄓㄨㄟˇ.mp3"
  removed 0.28KB
File "E:\我的文件\桌面\五上第十一課\soundData\ㄓㄨㄟ˙.mp3"
  removed 0.28KB
File "E:\我的文件\桌面\五上第十一課\soundData\ㄓㄨㄢ.mp3"
  removed 1 frame(s) (0.0s)
  removed 0.41KB
File "E:\我的文件\桌面\五上第十一課\soundData\ㄓㄨㄢˋ.mp3"
  removed 1 frame(s) (0.0s)
  removed 0.41KB
File "E:\我的文件\桌面\五上第十一課\soundData\ㄓㄨㄢˊ.mp3"
  removed 0.28KB
File "E:\我的文件\桌面\五上第十一課\soundData\ㄓㄨㄢˇ.mp3"
  removed 1 frame(s) (0.0s)
  removed 0.41KB
File "E:\我的文件\桌面\五上第十一課\soundData\ㄓㄨㄢ˙.mp3"
  removed 0.28KB
File "E:\我的文件\桌面\五上第十一課\soundData\ㄓㄨㄣ.mp3"
  removed 1 frame(s) (0.0s)
  removed 0.41KB
File "E:\我的文件\桌面\五上第十一課\soundData\ㄓㄨㄣˋ.mp3"
  removed 0.28KB
File "E:\我的文件\桌面\五上第十一課\soundData\ㄓㄨㄣˊ.mp3"
  removed 0.28KB
File "E:\我的文件\桌面\五上第十一課\soundData\ㄓㄨㄣˇ.mp3"
  removed 1 frame(s) (0.0s)
  removed 0.41KB
File "E:\我的文件\桌面\五上第十一課\soundData\ㄓㄨㄣ˙.mp3"
  removed 0.28KB
File "E:\我的文件\桌面\五上第十一課\soundData\ㄓㄨㄤ.mp3"
  removed 1 frame(s) (0.0s)
  removed 0.41KB
File "E:\我的文件\桌面\五上第十一課\soundData\ㄓㄨㄤˋ.mp3"
  removed 1 frame(s) (0.0s)
  removed 0.41KB
File "E:\我的文件\桌面\五上第十一課\soundData\ㄓㄨㄤˊ.mp3"
  removed 0.28KB
File "E:\我的文件\桌面\五上第十一課\soundData\ㄓㄨㄤˇ.mp3"
  removed 0.28KB
File "E:\我的文件\桌面\五上第十一課\soundData\ㄓㄨㄤ˙.mp3"
  removed 0.28KB
File "E:\我的文件\桌面\五上第十一課\soundData\ㄓㄨㄥ.mp3"
  removed 1 frame(s) (0.0s)
  removed 0.41KB
File "E:\我的文件\桌面\五上第十一課\soundData\ㄓㄨㄥˋ.mp3"
  removed 1 frame(s) (0.0s)
  removed 0.41KB
File "E:\我的文件\桌面\五上第十一課\soundData\ㄓㄨㄥˊ.mp3"
  removed 0.28KB
File "E:\我的文件\桌面\五上第十一課\soundData\ㄓㄨㄥˇ.mp3"
  removed 1 frame(s) (0.0s)
  removed 0.41KB
File "E:\我的文件\桌面\五上第十一課\soundData\ㄓㄨㄥ˙.mp3"
  removed 0.28KB
File "E:\我的文件\桌面\五上第十一課\soundData\ㄔ.mp3"
File "E:\我的文件\桌面\五上第十一課\soundData\ㄔˋ.mp3"
File "E:\我的文件\桌面\五上第十一課\soundData\ㄔˊ.mp3"
File "E:\我的文件\桌面\五上第十一課\soundData\ㄔˇ.mp3"
File "E:\我的文件\桌面\五上第十一課\soundData\ㄔ˙.mp3"
File "E:\我的文件\桌面\五上第十一課\soundData\ㄔㄚ.mp3"
  removed 1 frame(s) (0.0s)
  removed 0.41KB
File "E:\我的文件\桌面\五上第十一課\soundData\ㄔㄚˋ.mp3"
  removed 1 frame(s) (0.0s)
  removed 0.41KB
File "E:\我的文件\桌面\五上第十一課\soundData\ㄔㄚˊ.mp3"
  removed 1 frame(s) (0.0s)
  removed 0.41KB
File "E:\我的文件\桌面\五上第十一課\soundData\ㄔㄚˇ.mp3"
  removed 1 frame(s) (0.0s)
  removed 0.41KB
File "E:\我的文件\桌面\五上第十一課\soundData\ㄔㄚ˙.mp3"
  removed 0.28KB
File "E:\我的文件\桌面\五上第十一課\soundData\ㄔㄜ.mp3"
  removed 1 frame(s) (0.0s)
  removed 0.41KB
File "E:\我的文件\桌面\五上第十一課\soundData\ㄔㄜˋ.mp3"
  removed 1 frame(s) (0.0s)
  removed 0.41KB
File "E:\我的文件\桌面\五上第十一課\soundData\ㄔㄜˊ.mp3"
  removed 0.28KB
File "E:\我的文件\桌面\五上第十一課\soundData\ㄔㄜˇ.mp3"
  removed 1 frame(s) (0.0s)
  removed 0.41KB
File "E:\我的文件\桌面\五上第十一課\soundData\ㄔㄜ˙.mp3"
  removed 0.28KB
File "E:\我的文件\桌面\五上第十一課\soundData\ㄔㄞ.mp3"
  removed 1 frame(s) (0.0s)
  removed 0.41KB
File "E:\我的文件\桌面\五上第十一課\soundData\ㄔㄞˋ.mp3"
  removed 1 frame(s) (0.0s)
  removed 0.41KB
File "E:\我的文件\桌面\五上第十一課\soundData\ㄔㄞˊ.mp3"
  removed 1 frame(s) (0.0s)
  removed 0.41KB
File "E:\我的文件\桌面\五上第十一課\soundData\ㄔㄞˇ.mp3"
  removed 0.28KB
File "E:\我的文件\桌面\五上第十一課\soundData\ㄔㄞ˙.mp3"
  removed 0.28KB
File "E:\我的文件\桌面\五上第十一課\soundData\ㄔㄠ.mp3"
  removed 1 frame(s) (0.0s)
  removed 0.41KB
File "E:\我的文件\桌面\五上第十一課\soundData\ㄔㄠˋ.mp3"
  removed 1 frame(s) (0.0s)
  removed 0.41KB
File "E:\我的文件\桌面\五上第十一課\soundData\ㄔㄠˊ.mp3"
  removed 1 frame(s) (0.0s)
  removed 0.41KB
File "E:\我的文件\桌面\五上第十一課\soundData\ㄔㄠˇ.mp3"
  removed 1 frame(s) (0.0s)
  removed 0.41KB
File "E:\我的文件\桌面\五上第十一課\soundData\ㄔㄠ˙.mp3"
  removed 0.49KB
File "E:\我的文件\桌面\五上第十一課\soundData\ㄔㄡ.mp3"
  removed 1 frame(s) (0.0s)
  removed 0.41KB
File "E:\我的文件\桌面\五上第十一課\soundData\ㄔㄡˋ.mp3"
  removed 1 frame(s) (0.0s)
  removed 0.41KB
File "E:\我的文件\桌面\五上第十一課\soundData\ㄔㄡˊ.mp3"
  removed 1 frame(s) (0.0s)
  removed 0.41KB
File "E:\我的文件\桌面\五上第十一課\soundData\ㄔㄡˇ.mp3"
  removed 1 frame(s) (0.0s)
  removed 0.41KB
File "E:\我的文件\桌面\五上第十一課\soundData\ㄔㄡ˙.mp3"
  removed 0.49KB
File "E:\我的文件\桌面\五上第十一課\soundData\ㄔㄢ.mp3"
  removed 1 frame(s) (0.0s)
  removed 0.41KB
File "E:\我的文件\桌面\五上第十一課\soundData\ㄔㄢˋ.mp3"
  removed 1 frame(s) (0.0s)
  removed 0.41KB
File "E:\我的文件\桌面\五上第十一課\soundData\ㄔㄢˊ.mp3"
  removed 1 frame(s) (0.0s)
  removed 0.41KB
File "E:\我的文件\桌面\五上第十一課\soundData\ㄔㄢˇ.mp3"
  removed 1 frame(s) (0.0s)
  removed 0.41KB
File "E:\我的文件\桌面\五上第十一課\soundData\ㄔㄢ˙.mp3"
  removed 0.49KB
File "E:\我的文件\桌面\五上第十一課\soundData\ㄔㄣ.mp3"
  removed 1 frame(s) (0.0s)
  removed 0.41KB
File "E:\我的文件\桌面\五上第十一課\soundData\ㄔㄣˋ.mp3"
  removed 1 frame(s) (0.0s)
  removed 0.41KB
File "E:\我的文件\桌面\五上第十一課\soundData\ㄔㄣˊ.mp3"
  removed 1 frame(s) (0.0s)
  removed 0.41KB
File "E:\我的文件\桌面\五上第十一課\soundData\ㄔㄣˇ.mp3"
  removed 1 frame(s) (0.0s)
  removed 0.41KB
File "E:\我的文件\桌面\五上第十一課\soundData\ㄔㄣ˙.mp3"
  removed 0.49KB
File "E:\我的文件\桌面\五上第十一課\soundData\ㄔㄤ.mp3"
  removed 1 frame(s) (0.0s)
  removed 0.41KB
File "E:\我的文件\桌面\五上第十一課\soundData\ㄔㄤˋ.mp3"
  removed 1 frame(s) (0.0s)
  removed 0.41KB
File "E:\我的文件\桌面\五上第十一課\soundData\ㄔㄤˊ.mp3"
  removed 1 frame(s) (0.0s)
  removed 0.41KB
File "E:\我的文件\桌面\五上第十一課\soundData\ㄔㄤˇ.mp3"
  removed 1 frame(s) (0.0s)
  removed 0.41KB
File "E:\我的文件\桌面\五上第十一課\soundData\ㄔㄤ˙.mp3"
  removed 0.28KB
File "E:\我的文件\桌面\五上第十一課\soundData\ㄔㄥ.mp3"
  removed 1 frame(s) (0.0s)
  removed 0.41KB
File "E:\我的文件\桌面\五上第十一課\soundData\ㄔㄥˋ.mp3"
  removed 1 frame(s) (0.0s)
  removed 0.41KB
File "E:\我的文件\桌面\五上第十一課\soundData\ㄔㄥˊ.mp3"
  removed 1 frame(s) (0.0s)
  removed 0.41KB
File "E:\我的文件\桌面\五上第十一課\soundData\ㄔㄥˇ.mp3"
  removed 1 frame(s) (0.0s)
  removed 0.41KB
File "E:\我的文件\桌面\五上第十一課\soundData\ㄔㄥ˙.mp3"
  removed 0.28KB
File "E:\我的文件\桌面\五上第十一課\soundData\ㄔㄨ.mp3"
  removed 1 frame(s) (0.0s)
  removed 0.41KB
File "E:\我的文件\桌面\五上第十一課\soundData\ㄔㄨˋ.mp3"
  removed 1 frame(s) (0.0s)
  removed 0.41KB
File "E:\我的文件\桌面\五上第十一課\soundData\ㄔㄨˊ.mp3"
  removed 1 frame(s) (0.0s)
  removed 0.41KB
File "E:\我的文件\桌面\五上第十一課\soundData\ㄔㄨˇ.mp3"
  removed 1 frame(s) (0.0s)
  removed 0.41KB
File "E:\我的文件\桌面\五上第十一課\soundData\ㄔㄨ˙.mp3"
  removed 0.28KB
File "E:\我的文件\桌面\五上第十一課\soundData\ㄔㄨㄚ.mp3"
  removed 0.28KB
File "E:\我的文件\桌面\五上第十一課\soundData\ㄔㄨㄚˋ.mp3"
  removed 0.28KB
File "E:\我的文件\桌面\五上第十一課\soundData\ㄔㄨㄚˊ.mp3"
  removed 0.28KB
File "E:\我的文件\桌面\五上第十一課\soundData\ㄔㄨㄚˇ.mp3"
  removed 1 frame(s) (0.0s)
  removed 0.41KB
File "E:\我的文件\桌面\五上第十一課\soundData\ㄔㄨㄚ˙.mp3"
  removed 0.28KB
File "E:\我的文件\桌面\五上第十一課\soundData\ㄔㄨㄛ.mp3"
  removed 1 frame(s) (0.0s)
  removed 0.41KB
File "E:\我的文件\桌面\五上第十一課\soundData\ㄔㄨㄛˋ.mp3"
  removed 1 frame(s) (0.0s)
  removed 0.41KB
File "E:\我的文件\桌面\五上第十一課\soundData\ㄔㄨㄛˊ.mp3"
  removed 0.28KB
File "E:\我的文件\桌面\五上第十一課\soundData\ㄔㄨㄛˇ.mp3"
  removed 0.28KB
File "E:\我的文件\桌面\五上第十一課\soundData\ㄔㄨㄛ˙.mp3"
  removed 0.28KB
File "E:\我的文件\桌面\五上第十一課\soundData\ㄔㄨㄞ.mp3"
  removed 1 frame(s) (0.0s)
  removed 0.41KB
File "E:\我的文件\桌面\五上第十一課\soundData\ㄔㄨㄞˋ.mp3"
  removed 1 frame(s) (0.0s)
  removed 0.41KB
File "E:\我的文件\桌面\五上第十一課\soundData\ㄔㄨㄞˊ.mp3"
  removed 0.28KB
File "E:\我的文件\桌面\五上第十一課\soundData\ㄔㄨㄞˇ.mp3"
  removed 1 frame(s) (0.0s)
  removed 0.41KB
File "E:\我的文件\桌面\五上第十一課\soundData\ㄔㄨㄞ˙.mp3"
  removed 0.28KB
File "E:\我的文件\桌面\五上第十一課\soundData\ㄔㄨㄟ.mp3"
  removed 1 frame(s) (0.0s)
  removed 0.41KB
File "E:\我的文件\桌面\五上第十一課\soundData\ㄔㄨㄟˋ.mp3"
  removed 0.28KB
File "E:\我的文件\桌面\五上第十一課\soundData\ㄔㄨㄟˊ.mp3"
  removed 1 frame(s) (0.0s)
  removed 0.41KB
File "E:\我的文件\桌面\五上第十一課\soundData\ㄔㄨㄟˇ.mp3"
  removed 0.28KB
File "E:\我的文件\桌面\五上第十一課\soundData\ㄔㄨㄟ˙.mp3"
  removed 0.28KB
File "E:\我的文件\桌面\五上第十一課\soundData\ㄔㄨㄢ.mp3"
  removed 1 frame(s) (0.0s)
  removed 0.41KB
File "E:\我的文件\桌面\五上第十一課\soundData\ㄔㄨㄢˋ.mp3"
  removed 1 frame(s) (0.0s)
  removed 0.41KB
File "E:\我的文件\桌面\五上第十一課\soundData\ㄔㄨㄢˊ.mp3"
  removed 1 frame(s) (0.0s)
  removed 0.41KB
File "E:\我的文件\桌面\五上第十一課\soundData\ㄔㄨㄢˇ.mp3"
  removed 1 frame(s) (0.0s)
  removed 0.41KB
File "E:\我的文件\桌面\五上第十一課\soundData\ㄔㄨㄢ˙.mp3"
  removed 0.28KB
File "E:\我的文件\桌面\五上第十一課\soundData\ㄔㄨㄣ.mp3"
  removed 1 frame(s) (0.0s)
  removed 0.41KB
File "E:\我的文件\桌面\五上第十一課\soundData\ㄔㄨㄣˋ.mp3"
  removed 0.28KB
File "E:\我的文件\桌面\五上第十一課\soundData\ㄔㄨㄣˊ.mp3"
  removed 1 frame(s) (0.0s)
  removed 0.41KB
File "E:\我的文件\桌面\五上第十一課\soundData\ㄔㄨㄣˇ.mp3"
  removed 1 frame(s) (0.0s)
  removed 0.41KB
File "E:\我的文件\桌面\五上第十一課\soundData\ㄔㄨㄣ˙.mp3"
  removed 0.28KB
File "E:\我的文件\桌面\五上第十一課\soundData\ㄔㄨㄤ.mp3"
  removed 1 frame(s) (0.0s)
  removed 0.41KB
File "E:\我的文件\桌面\五上第十一課\soundData\ㄔㄨㄤˋ.mp3"
  removed 1 frame(s) (0.0s)
  removed 0.41KB
File "E:\我的文件\桌面\五上第十一課\soundData\ㄔㄨㄤˊ.mp3"
  removed 1 frame(s) (0.0s)
  removed 0.41KB
File "E:\我的文件\桌面\五上第十一課\soundData\ㄔㄨㄤˇ.mp3"
  removed 1 frame(s) (0.0s)
  removed 0.41KB
File "E:\我的文件\桌面\五上第十一課\soundData\ㄔㄨㄤ˙.mp3"
  removed 0.28KB
File "E:\我的文件\桌面\五上第十一課\soundData\ㄔㄨㄥ.mp3"
  removed 1 frame(s) (0.0s)
  removed 0.41KB
File "E:\我的文件\桌面\五上第十一課\soundData\ㄔㄨㄥˋ.mp3"
  removed 1 frame(s) (0.0s)
  removed 0.41KB
File "E:\我的文件\桌面\五上第十一課\soundData\ㄔㄨㄥˊ.mp3"
  removed 1 frame(s) (0.0s)
  removed 0.41KB
File "E:\我的文件\桌面\五上第十一課\soundData\ㄔㄨㄥˇ.mp3"
  removed 1 frame(s) (0.0s)
  removed 0.41KB
File "E:\我的文件\桌面\五上第十一課\soundData\ㄔㄨㄥ˙.mp3"
  removed 0.28KB
File "E:\我的文件\桌面\五上第十一課\soundData\ㄕ.mp3"
File "E:\我的文件\桌面\五上第十一課\soundData\ㄕˋ.mp3"
File "E:\我的文件\桌面\五上第十一課\soundData\ㄕˊ.mp3"
File "E:\我的文件\桌面\五上第十一課\soundData\ㄕˇ.mp3"
File "E:\我的文件\桌面\五上第十一課\soundData\ㄕ˙.mp3"
File "E:\我的文件\桌面\五上第十一課\soundData\ㄕㄚ.mp3"
  removed 1 frame(s) (0.0s)
  removed 0.41KB
File "E:\我的文件\桌面\五上第十一課\soundData\ㄕㄚˋ.mp3"
  removed 1 frame(s) (0.0s)
  removed 0.41KB
File "E:\我的文件\桌面\五上第十一課\soundData\ㄕㄚˊ.mp3"
  removed 1 frame(s) (0.0s)
  removed 0.41KB
File "E:\我的文件\桌面\五上第十一課\soundData\ㄕㄚˇ.mp3"
  removed 1 frame(s) (0.0s)
  removed 0.41KB
File "E:\我的文件\桌面\五上第十一課\soundData\ㄕㄚ˙.mp3"
  removed 0.49KB
File "E:\我的文件\桌面\五上第十一課\soundData\ㄕㄜ.mp3"
  removed 1 frame(s) (0.0s)
  removed 0.41KB
File "E:\我的文件\桌面\五上第十一課\soundData\ㄕㄜˋ.mp3"
  removed 1 frame(s) (0.0s)
  removed 0.41KB
File "E:\我的文件\桌面\五上第十一課\soundData\ㄕㄜˊ.mp3"
  removed 1 frame(s) (0.0s)
  removed 0.41KB
File "E:\我的文件\桌面\五上第十一課\soundData\ㄕㄜˇ.mp3"
  removed 1 frame(s) (0.0s)
  removed 0.41KB
File "E:\我的文件\桌面\五上第十一課\soundData\ㄕㄜ˙.mp3"
  removed 0.49KB
File "E:\我的文件\桌面\五上第十一課\soundData\ㄕㄞ.mp3"
  removed 1 frame(s) (0.0s)
  removed 0.41KB
File "E:\我的文件\桌面\五上第十一課\soundData\ㄕㄞˋ.mp3"
  removed 1 frame(s) (0.0s)
  removed 0.41KB
File "E:\我的文件\桌面\五上第十一課\soundData\ㄕㄞˊ.mp3"
  removed 0.49KB
File "E:\我的文件\桌面\五上第十一課\soundData\ㄕㄞˇ.mp3"
  removed 1 frame(s) (0.0s)
  removed 0.41KB
File "E:\我的文件\桌面\五上第十一課\soundData\ㄕㄞ˙.mp3"
  removed 0.49KB
File "E:\我的文件\桌面\五上第十一課\soundData\ㄕㄟ.mp3"
  removed 0.49KB
File "E:\我的文件\桌面\五上第十一課\soundData\ㄕㄟˋ.mp3"
  removed 0.49KB
File "E:\我的文件\桌面\五上第十一課\soundData\ㄕㄟˊ.mp3"
  removed 1 frame(s) (0.0s)
  removed 0.41KB
File "E:\我的文件\桌面\五上第十一課\soundData\ㄕㄟˇ.mp3"
  removed 0.49KB
File "E:\我的文件\桌面\五上第十一課\soundData\ㄕㄟ˙.mp3"
  removed 0.49KB
File "E:\我的文件\桌面\五上第十一課\soundData\ㄕㄠ.mp3"
  removed 1 frame(s) (0.0s)
  removed 0.41KB
File "E:\我的文件\桌面\五上第十一課\soundData\ㄕㄠˋ.mp3"
  removed 1 frame(s) (0.0s)
  removed 0.41KB
File "E:\我的文件\桌面\五上第十一課\soundData\ㄕㄠˊ.mp3"
  removed 1 frame(s) (0.0s)
  removed 0.41KB
File "E:\我的文件\桌面\五上第十一課\soundData\ㄕㄠˇ.mp3"
  removed 1 frame(s) (0.0s)
  removed 0.41KB
File "E:\我的文件\桌面\五上第十一課\soundData\ㄕㄠ˙.mp3"
  removed 0.49KB
File "E:\我的文件\桌面\五上第十一課\soundData\ㄕㄡ.mp3"
  removed 1 frame(s) (0.0s)
  removed 0.41KB
File "E:\我的文件\桌面\五上第十一課\soundData\ㄕㄡˋ.mp3"
  removed 1 frame(s) (0.0s)
  removed 0.41KB
File "E:\我的文件\桌面\五上第十一課\soundData\ㄕㄡˊ.mp3"
  removed 1 frame(s) (0.0s)
  removed 0.41KB
File "E:\我的文件\桌面\五上第十一課\soundData\ㄕㄡˇ.mp3"
  removed 1 frame(s) (0.0s)
  removed 0.41KB
File "E:\我的文件\桌面\五上第十一課\soundData\ㄕㄡ˙.mp3"
  removed 0.49KB
File "E:\我的文件\桌面\五上第十一課\soundData\ㄕㄢ.mp3"
  removed 1 frame(s) (0.0s)
  removed 0.41KB
File "E:\我的文件\桌面\五上第十一課\soundData\ㄕㄢˋ.mp3"
  removed 1 frame(s) (0.0s)
  removed 0.41KB
File "E:\我的文件\桌面\五上第十一課\soundData\ㄕㄢˊ.mp3"
  removed 0.49KB
File "E:\我的文件\桌面\五上第十一課\soundData\ㄕㄢˇ.mp3"
  removed 1 frame(s) (0.0s)
  removed 0.41KB
File "E:\我的文件\桌面\五上第十一課\soundData\ㄕㄢ˙.mp3"
  removed 0.49KB
File "E:\我的文件\桌面\五上第十一課\soundData\ㄕㄣ.mp3"
  removed 1 frame(s) (0.0s)
  removed 0.41KB
File "E:\我的文件\桌面\五上第十一課\soundData\ㄕㄣˋ.mp3"
  removed 1 frame(s) (0.0s)
  removed 0.41KB
File "E:\我的文件\桌面\五上第十一課\soundData\ㄕㄣˊ.mp3"
  removed 1 frame(s) (0.0s)
  removed 0.41KB
File "E:\我的文件\桌面\五上第十一課\soundData\ㄕㄣˇ.mp3"
  removed 1 frame(s) (0.0s)
  removed 0.41KB
File "E:\我的文件\桌面\五上第十一課\soundData\ㄕㄣ˙.mp3"
  removed 1 frame(s) (0.0s)
  removed 0.41KB
File "E:\我的文件\桌面\五上第十一課\soundData\ㄕㄤ.mp3"
  removed 1 frame(s) (0.0s)
  removed 0.41KB
File "E:\我的文件\桌面\五上第十一課\soundData\ㄕㄤˋ.mp3"
  removed 1 frame(s) (0.0s)
  removed 0.41KB
File "E:\我的文件\桌面\五上第十一課\soundData\ㄕㄤˊ.mp3"
  removed 0.49KB
File "E:\我的文件\桌面\五上第十一課\soundData\ㄕㄤˇ.mp3"
  removed 1 frame(s) (0.0s)
  removed 0.41KB
File "E:\我的文件\桌面\五上第十一課\soundData\ㄕㄤ˙.mp3"
  removed 1 frame(s) (0.0s)
  removed 0.41KB
File "E:\我的文件\桌面\五上第十一課\soundData\ㄕㄥ.mp3"
  removed 1 frame(s) (0.0s)
  removed 0.41KB
File "E:\我的文件\桌面\五上第十一課\soundData\ㄕㄥˋ.mp3"
  removed 1 frame(s) (0.0s)
  removed 0.41KB
File "E:\我的文件\桌面\五上第十一課\soundData\ㄕㄥˊ.mp3"
  removed 1 frame(s) (0.0s)
  removed 0.41KB
File "E:\我的文件\桌面\五上第十一課\soundData\ㄕㄥˇ.mp3"
  removed 1 frame(s) (0.0s)
  removed 0.41KB
File "E:\我的文件\桌面\五上第十一課\soundData\ㄕㄥ˙.mp3"
  removed 1 frame(s) (0.0s)
  removed 0.41KB
File "E:\我的文件\桌面\五上第十一課\soundData\ㄕㄨ.mp3"
  removed 1 frame(s) (0.0s)
  removed 0.41KB
File "E:\我的文件\桌面\五上第十一課\soundData\ㄕㄨˋ.mp3"
  removed 1 frame(s) (0.0s)
  removed 0.41KB
File "E:\我的文件\桌面\五上第十一課\soundData\ㄕㄨˊ.mp3"
  removed 1 frame(s) (0.0s)
  removed 0.41KB
File "E:\我的文件\桌面\五上第十一課\soundData\ㄕㄨˇ.mp3"
  removed 1 frame(s) (0.0s)
  removed 0.41KB
File "E:\我的文件\桌面\五上第十一課\soundData\ㄕㄨ˙.mp3"
  removed 1 frame(s) (0.0s)
  removed 0.41KB
File "E:\我的文件\桌面\五上第十一課\soundData\ㄕㄨㄚ.mp3"
  removed 1 frame(s) (0.0s)
  removed 0.41KB
File "E:\我的文件\桌面\五上第十一課\soundData\ㄕㄨㄚˋ.mp3"
  removed 0.28KB
File "E:\我的文件\桌面\五上第十一課\soundData\ㄕㄨㄚˊ.mp3"
  removed 0.28KB
File "E:\我的文件\桌面\五上第十一課\soundData\ㄕㄨㄚˇ.mp3"
  removed 1 frame(s) (0.0s)
  removed 0.41KB
File "E:\我的文件\桌面\五上第十一課\soundData\ㄕㄨㄚ˙.mp3"
  removed 0.28KB
File "E:\我的文件\桌面\五上第十一課\soundData\ㄕㄨㄛ.mp3"
  removed 1 frame(s) (0.0s)
  removed 0.41KB
File "E:\我的文件\桌面\五上第十一課\soundData\ㄕㄨㄛˋ.mp3"
  removed 1 frame(s) (0.0s)
  removed 0.41KB
File "E:\我的文件\桌面\五上第十一課\soundData\ㄕㄨㄛˊ.mp3"
  removed 0.28KB
File "E:\我的文件\桌面\五上第十一課\soundData\ㄕㄨㄛˇ.mp3"
  removed 0.28KB
File "E:\我的文件\桌面\五上第十一課\soundData\ㄕㄨㄛ˙.mp3"
  removed 0.28KB
File "E:\我的文件\桌面\五上第十一課\soundData\ㄕㄨㄞ.mp3"
  removed 1 frame(s) (0.0s)
  removed 0.41KB
File "E:\我的文件\桌面\五上第十一課\soundData\ㄕㄨㄞˋ.mp3"
  removed 1 frame(s) (0.0s)
  removed 0.41KB
File "E:\我的文件\桌面\五上第十一課\soundData\ㄕㄨㄞˊ.mp3"
  removed 0.28KB
File "E:\我的文件\桌面\五上第十一課\soundData\ㄕㄨㄞˇ.mp3"
  removed 1 frame(s) (0.0s)
  removed 0.41KB
File "E:\我的文件\桌面\五上第十一課\soundData\ㄕㄨㄞ˙.mp3"
  removed 0.28KB
File "E:\我的文件\桌面\五上第十一課\soundData\ㄕㄨㄟ.mp3"
  removed 0.28KB
File "E:\我的文件\桌面\五上第十一課\soundData\ㄕㄨㄟˋ.mp3"
  removed 1 frame(s) (0.0s)
  removed 0.41KB
File "E:\我的文件\桌面\五上第十一課\soundData\ㄕㄨㄟˊ.mp3"
  removed 1 frame(s) (0.0s)
  removed 0.41KB
File "E:\我的文件\桌面\五上第十一課\soundData\ㄕㄨㄟˇ.mp3"
  removed 1 frame(s) (0.0s)
  removed 0.41KB
File "E:\我的文件\桌面\五上第十一課\soundData\ㄕㄨㄟ˙.mp3"
  removed 0.28KB
File "E:\我的文件\桌面\五上第十一課\soundData\ㄕㄨㄢ.mp3"
  removed 1 frame(s) (0.0s)
  removed 0.41KB
File "E:\我的文件\桌面\五上第十一課\soundData\ㄕㄨㄢˋ.mp3"
  removed 1 frame(s) (0.0s)
  removed 0.41KB
File "E:\我的文件\桌面\五上第十一課\soundData\ㄕㄨㄢˊ.mp3"
  removed 0.28KB
File "E:\我的文件\桌面\五上第十一課\soundData\ㄕㄨㄢˇ.mp3"
  removed 0.28KB
File "E:\我的文件\桌面\五上第十一課\soundData\ㄕㄨㄢ˙.mp3"
  removed 0.28KB
File "E:\我的文件\桌面\五上第十一課\soundData\ㄕㄨㄣ.mp3"
  removed 0.28KB
File "E:\我的文件\桌面\五上第十一課\soundData\ㄕㄨㄣˋ.mp3"
  removed 1 frame(s) (0.0s)
  removed 0.41KB
File "E:\我的文件\桌面\五上第十一課\soundData\ㄕㄨㄣˊ.mp3"
  removed 0.28KB
File "E:\我的文件\桌面\五上第十一課\soundData\ㄕㄨㄣˇ.mp3"
  removed 1 frame(s) (0.0s)
  removed 0.41KB
File "E:\我的文件\桌面\五上第十一課\soundData\ㄕㄨㄣ˙.mp3"
  removed 0.28KB
File "E:\我的文件\桌面\五上第十一課\soundData\ㄕㄨㄤ.mp3"
  removed 1 frame(s) (0.0s)
  removed 0.41KB
File "E:\我的文件\桌面\五上第十一課\soundData\ㄕㄨㄤˋ.mp3"
  removed 0.28KB
File "E:\我的文件\桌面\五上第十一課\soundData\ㄕㄨㄤˊ.mp3"
  removed 0.28KB
File "E:\我的文件\桌面\五上第十一課\soundData\ㄕㄨㄤˇ.mp3"
  removed 1 frame(s) (0.0s)
  removed 0.41KB
File "E:\我的文件\桌面\五上第十一課\soundData\ㄕㄨㄤ˙.mp3"
  removed 0.28KB
File "E:\我的文件\桌面\五上第十一課\soundData\ㄖ.mp3"
File "E:\我的文件\桌面\五上第十一課\soundData\ㄖˋ.mp3"
File "E:\我的文件\桌面\五上第十一課\soundData\ㄖˊ.mp3"
File "E:\我的文件\桌面\五上第十一課\soundData\ㄖˇ.mp3"
File "E:\我的文件\桌面\五上第十一課\soundData\ㄖ˙.mp3"
File "E:\我的文件\桌面\五上第十一課\soundData\ㄖㄜ.mp3"
  removed 0.49KB
File "E:\我的文件\桌面\五上第十一課\soundData\ㄖㄜˋ.mp3"
  removed 1 frame(s) (0.0s)
  removed 0.41KB
File "E:\我的文件\桌面\五上第十一課\soundData\ㄖㄜˊ.mp3"
  removed 1 frame(s) (0.0s)
  removed 0.41KB
File "E:\我的文件\桌面\五上第十一課\soundData\ㄖㄜˇ.mp3"
  removed 1 frame(s) (0.0s)
  removed 0.41KB
File "E:\我的文件\桌面\五上第十一課\soundData\ㄖㄜ˙.mp3"
  removed 0.49KB
File "E:\我的文件\桌面\五上第十一課\soundData\ㄖㄠ.mp3"
  removed 0.49KB
File "E:\我的文件\桌面\五上第十一課\soundData\ㄖㄠˋ.mp3"
  removed 1 frame(s) (0.0s)
  removed 0.41KB
File "E:\我的文件\桌面\五上第十一課\soundData\ㄖㄠˊ.mp3"
  removed 1 frame(s) (0.0s)
  removed 0.41KB
File "E:\我的文件\桌面\五上第十一課\soundData\ㄖㄠˇ.mp3"
  removed 1 frame(s) (0.0s)
  removed 0.41KB
File "E:\我的文件\桌面\五上第十一課\soundData\ㄖㄠ˙.mp3"
  removed 0.49KB
File "E:\我的文件\桌面\五上第十一課\soundData\ㄖㄡ.mp3"
  removed 0.49KB
File "E:\我的文件\桌面\五上第十一課\soundData\ㄖㄡˋ.mp3"
  removed 1 frame(s) (0.0s)
  removed 0.41KB
File "E:\我的文件\桌面\五上第十一課\soundData\ㄖㄡˊ.mp3"
  removed 1 frame(s) (0.0s)
  removed 0.41KB
File "E:\我的文件\桌面\五上第十一課\soundData\ㄖㄡˇ.mp3"
  removed 1 frame(s) (0.0s)
  removed 0.41KB
File "E:\我的文件\桌面\五上第十一課\soundData\ㄖㄡ˙.mp3"
  removed 0.49KB
File "E:\我的文件\桌面\五上第十一課\soundData\ㄖㄢ.mp3"
  removed 0.49KB
File "E:\我的文件\桌面\五上第十一課\soundData\ㄖㄢˋ.mp3"
  removed 0.49KB
File "E:\我的文件\桌面\五上第十一課\soundData\ㄖㄢˊ.mp3"
  removed 1 frame(s) (0.0s)
  removed 0.41KB
File "E:\我的文件\桌面\五上第十一課\soundData\ㄖㄢˇ.mp3"
  removed 1 frame(s) (0.0s)
  removed 0.41KB
File "E:\我的文件\桌面\五上第十一課\soundData\ㄖㄢ˙.mp3"
  removed 0.49KB
File "E:\我的文件\桌面\五上第十一課\soundData\ㄖㄣ.mp3"
  removed 0.49KB
File "E:\我的文件\桌面\五上第十一課\soundData\ㄖㄣˋ.mp3"
  removed 1 frame(s) (0.0s)
  removed 0.41KB
File "E:\我的文件\桌面\五上第十一課\soundData\ㄖㄣˊ.mp3"
  removed 1 frame(s) (0.0s)
  removed 0.41KB
File "E:\我的文件\桌面\五上第十一課\soundData\ㄖㄣˇ.mp3"
  removed 1 frame(s) (0.0s)
  removed 0.41KB
File "E:\我的文件\桌面\五上第十一課\soundData\ㄖㄣ˙.mp3"
  removed 0.49KB
File "E:\我的文件\桌面\五上第十一課\soundData\ㄖㄤ.mp3"
  removed 0.49KB
File "E:\我的文件\桌面\五上第十一課\soundData\ㄖㄤˋ.mp3"
  removed 1 frame(s) (0.0s)
  removed 0.41KB
File "E:\我的文件\桌面\五上第十一課\soundData\ㄖㄤˊ.mp3"
  removed 1 frame(s) (0.0s)
  removed 0.41KB
File "E:\我的文件\桌面\五上第十一課\soundData\ㄖㄤˇ.mp3"
  removed 1 frame(s) (0.0s)
  removed 0.41KB
File "E:\我的文件\桌面\五上第十一課\soundData\ㄖㄤ˙.mp3"
  removed 0.49KB
File "E:\我的文件\桌面\五上第十一課\soundData\ㄖㄥ.mp3"
  removed 1 frame(s) (0.0s)
  removed 0.41KB
File "E:\我的文件\桌面\五上第十一課\soundData\ㄖㄥˋ.mp3"
  removed 0.15KB
File "E:\我的文件\桌面\五上第十一課\soundData\ㄖㄥˊ.mp3"
  removed 1 frame(s) (0.0s)
  removed 0.41KB
File "E:\我的文件\桌面\五上第十一課\soundData\ㄖㄥˇ.mp3"
  removed 0.16KB
File "E:\我的文件\桌面\五上第十一課\soundData\ㄖㄥ˙.mp3"
  removed 0.49KB
File "E:\我的文件\桌面\五上第十一課\soundData\ㄖㄨ.mp3"
  removed 0.28KB
File "E:\我的文件\桌面\五上第十一課\soundData\ㄖㄨˋ.mp3"
  removed 1 frame(s) (0.0s)
  removed 0.41KB
File "E:\我的文件\桌面\五上第十一課\soundData\ㄖㄨˊ.mp3"
  removed 1 frame(s) (0.0s)
  removed 0.41KB
File "E:\我的文件\桌面\五上第十一課\soundData\ㄖㄨˇ.mp3"
  removed 1 frame(s) (0.0s)
  removed 0.41KB
File "E:\我的文件\桌面\五上第十一課\soundData\ㄖㄨ˙.mp3"
  removed 0.28KB
File "E:\我的文件\桌面\五上第十一課\soundData\ㄖㄨㄛ.mp3"
  removed 0.28KB
File "E:\我的文件\桌面\五上第十一課\soundData\ㄖㄨㄛˋ.mp3"
  removed 1 frame(s) (0.0s)
  removed 0.41KB
File "E:\我的文件\桌面\五上第十一課\soundData\ㄖㄨㄛˊ.mp3"
  removed 1 frame(s) (0.0s)
  removed 0.41KB
File "E:\我的文件\桌面\五上第十一課\soundData\ㄖㄨㄛˇ.mp3"
  removed 0.28KB
File "E:\我的文件\桌面\五上第十一課\soundData\ㄖㄨㄛ˙.mp3"
  removed 0.28KB
File "E:\我的文件\桌面\五上第十一課\soundData\ㄖㄨㄟ.mp3"
  removed 0.28KB
File "E:\我的文件\桌面\五上第十一課\soundData\ㄖㄨㄟˋ.mp3"
  removed 1 frame(s) (0.0s)
  removed 0.41KB
File "E:\我的文件\桌面\五上第十一課\soundData\ㄖㄨㄟˊ.mp3"
  removed 1 frame(s) (0.0s)
  removed 0.41KB
File "E:\我的文件\桌面\五上第十一課\soundData\ㄖㄨㄟˇ.mp3"
  removed 1 frame(s) (0.0s)
  removed 0.41KB
File "E:\我的文件\桌面\五上第十一課\soundData\ㄖㄨㄟ˙.mp3"
  removed 0.28KB
File "E:\我的文件\桌面\五上第十一課\soundData\ㄖㄨㄢ.mp3"
  removed 0.28KB
File "E:\我的文件\桌面\五上第十一課\soundData\ㄖㄨㄢˋ.mp3"
  removed 0.28KB
File "E:\我的文件\桌面\五上第十一課\soundData\ㄖㄨㄢˊ.mp3"
  removed 1 frame(s) (0.0s)
  removed 0.41KB
File "E:\我的文件\桌面\五上第十一課\soundData\ㄖㄨㄢˇ.mp3"
  removed 1 frame(s) (0.0s)
  removed 0.41KB
File "E:\我的文件\桌面\五上第十一課\soundData\ㄖㄨㄢ˙.mp3"
  removed 0.28KB
File "E:\我的文件\桌面\五上第十一課\soundData\ㄖㄨㄣ.mp3"
  removed 0.28KB
File "E:\我的文件\桌面\五上第十一課\soundData\ㄖㄨㄣˋ.mp3"
  removed 1 frame(s) (0.0s)
  removed 0.41KB
File "E:\我的文件\桌面\五上第十一課\soundData\ㄖㄨㄣˊ.mp3"
  removed 1 frame(s) (0.0s)
  removed 0.41KB
File "E:\我的文件\桌面\五上第十一課\soundData\ㄖㄨㄣˇ.mp3"
  removed 0.28KB
File "E:\我的文件\桌面\五上第十一課\soundData\ㄖㄨㄣ˙.mp3"
  removed 0.28KB
File "E:\我的文件\桌面\五上第十一課\soundData\ㄖㄨㄥ.mp3"
  removed 0.28KB
File "E:\我的文件\桌面\五上第十一課\soundData\ㄖㄨㄥˋ.mp3"
  removed 0.28KB
File "E:\我的文件\桌面\五上第十一課\soundData\ㄖㄨㄥˊ.mp3"
  removed 1 frame(s) (0.0s)
  removed 0.41KB
File "E:\我的文件\桌面\五上第十一課\soundData\ㄖㄨㄥˇ.mp3"
  removed 1 frame(s) (0.0s)
  removed 0.41KB
File "E:\我的文件\桌面\五上第十一課\soundData\ㄖㄨㄥ˙.mp3"
  removed 0.28KB
File "E:\我的文件\桌面\五上第十一課\soundData\ㄗ.mp3"
File "E:\我的文件\桌面\五上第十一課\soundData\ㄗˋ.mp3"
File "E:\我的文件\桌面\五上第十一課\soundData\ㄗˊ.mp3"
File "E:\我的文件\桌面\五上第十一課\soundData\ㄗˇ.mp3"
File "E:\我的文件\桌面\五上第十一課\soundData\ㄗ˙.mp3"
File "E:\我的文件\桌面\五上第十一課\soundData\ㄗㄚ.mp3"
  removed 1 frame(s) (0.0s)
  removed 0.41KB
File "E:\我的文件\桌面\五上第十一課\soundData\ㄗㄚˋ.mp3"
  removed 0.49KB
File "E:\我的文件\桌面\五上第十一課\soundData\ㄗㄚˊ.mp3"
  removed 1 frame(s) (0.0s)
  removed 0.41KB
File "E:\我的文件\桌面\五上第十一課\soundData\ㄗㄚˇ.mp3"
  removed 0.49KB
File "E:\我的文件\桌面\五上第十一課\soundData\ㄗㄚ˙.mp3"
  removed 0.49KB
File "E:\我的文件\桌面\五上第十一課\soundData\ㄗㄜ.mp3"
  removed 0.49KB
File "E:\我的文件\桌面\五上第十一課\soundData\ㄗㄜˋ.mp3"
  removed 1 frame(s) (0.0s)
  removed 0.41KB
File "E:\我的文件\桌面\五上第十一課\soundData\ㄗㄜˊ.mp3"
  removed 1 frame(s) (0.0s)
  removed 0.41KB
File "E:\我的文件\桌面\五上第十一課\soundData\ㄗㄜˇ.mp3"
  removed 0.49KB
File "E:\我的文件\桌面\五上第十一課\soundData\ㄗㄜ˙.mp3"
  removed 0.49KB
File "E:\我的文件\桌面\五上第十一課\soundData\ㄗㄞ.mp3"
  removed 1 frame(s) (0.0s)
  removed 0.41KB
File "E:\我的文件\桌面\五上第十一課\soundData\ㄗㄞˋ.mp3"
  removed 1 frame(s) (0.0s)
  removed 0.41KB
File "E:\我的文件\桌面\五上第十一課\soundData\ㄗㄞˊ.mp3"
  removed 0.49KB
File "E:\我的文件\桌面\五上第十一課\soundData\ㄗㄞˇ.mp3"
  removed 1 frame(s) (0.0s)
  removed 0.41KB
File "E:\我的文件\桌面\五上第十一課\soundData\ㄗㄞ˙.mp3"
  removed 0.49KB
File "E:\我的文件\桌面\五上第十一課\soundData\ㄗㄟ.mp3"
  removed 0.49KB
File "E:\我的文件\桌面\五上第十一課\soundData\ㄗㄟˋ.mp3"
  removed 0.49KB
File "E:\我的文件\桌面\五上第十一課\soundData\ㄗㄟˊ.mp3"
  removed 1 frame(s) (0.0s)
  removed 0.41KB
File "E:\我的文件\桌面\五上第十一課\soundData\ㄗㄟˇ.mp3"
  removed 0.49KB
File "E:\我的文件\桌面\五上第十一課\soundData\ㄗㄟ˙.mp3"
  removed 0.49KB
File "E:\我的文件\桌面\五上第十一課\soundData\ㄗㄠ.mp3"
  removed 1 frame(s) (0.0s)
  removed 0.41KB
File "E:\我的文件\桌面\五上第十一課\soundData\ㄗㄠˋ.mp3"
  removed 1 frame(s) (0.0s)
  removed 0.41KB
File "E:\我的文件\桌面\五上第十一課\soundData\ㄗㄠˊ.mp3"
  removed 1 frame(s) (0.0s)
  removed 0.41KB
File "E:\我的文件\桌面\五上第十一課\soundData\ㄗㄠˇ.mp3"
  removed 1 frame(s) (0.0s)
  removed 0.41KB
File "E:\我的文件\桌面\五上第十一課\soundData\ㄗㄠ˙.mp3"
  removed 0.49KB
File "E:\我的文件\桌面\五上第十一課\soundData\ㄗㄡ.mp3"
  removed 1 frame(s) (0.0s)
  removed 0.41KB
File "E:\我的文件\桌面\五上第十一課\soundData\ㄗㄡˋ.mp3"
  removed 1 frame(s) (0.0s)
  removed 0.41KB
File "E:\我的文件\桌面\五上第十一課\soundData\ㄗㄡˊ.mp3"
  removed 0.49KB
File "E:\我的文件\桌面\五上第十一課\soundData\ㄗㄡˇ.mp3"
  removed 1 frame(s) (0.0s)
  removed 0.41KB
File "E:\我的文件\桌面\五上第十一課\soundData\ㄗㄡ˙.mp3"
  removed 0.49KB
File "E:\我的文件\桌面\五上第十一課\soundData\ㄗㄢ.mp3"
  removed 1 frame(s) (0.0s)
  removed 0.41KB
File "E:\我的文件\桌面\五上第十一課\soundData\ㄗㄢˋ.mp3"
  removed 1 frame(s) (0.0s)
  removed 0.41KB
File "E:\我的文件\桌面\五上第十一課\soundData\ㄗㄢˊ.mp3"
  removed 1 frame(s) (0.0s)
  removed 0.41KB
File "E:\我的文件\桌面\五上第十一課\soundData\ㄗㄢˇ.mp3"
  removed 1 frame(s) (0.0s)
  removed 0.41KB
File "E:\我的文件\桌面\五上第十一課\soundData\ㄗㄢ˙.mp3"
  removed 0.49KB
File "E:\我的文件\桌面\五上第十一課\soundData\ㄗㄣ.mp3"
  removed 0.49KB
File "E:\我的文件\桌面\五上第十一課\soundData\ㄗㄣˋ.mp3"
  removed 1 frame(s) (0.0s)
  removed 0.41KB
File "E:\我的文件\桌面\五上第十一課\soundData\ㄗㄣˊ.mp3"
  removed 0.49KB
File "E:\我的文件\桌面\五上第十一課\soundData\ㄗㄣˇ.mp3"
  removed 1 frame(s) (0.0s)
  removed 0.41KB
File "E:\我的文件\桌面\五上第十一課\soundData\ㄗㄣ˙.mp3"
  removed 0.49KB
File "E:\我的文件\桌面\五上第十一課\soundData\ㄗㄤ.mp3"
  removed 1 frame(s) (0.0s)
  removed 0.41KB
File "E:\我的文件\桌面\五上第十一課\soundData\ㄗㄤˋ.mp3"
  removed 1 frame(s) (0.0s)
  removed 0.41KB
File "E:\我的文件\桌面\五上第十一課\soundData\ㄗㄤˊ.mp3"
  removed 0.49KB
File "E:\我的文件\桌面\五上第十一課\soundData\ㄗㄤˇ.mp3"
  removed 1 frame(s) (0.0s)
  removed 0.41KB
File "E:\我的文件\桌面\五上第十一課\soundData\ㄗㄤ˙.mp3"
  removed 0.49KB
File "E:\我的文件\桌面\五上第十一課\soundData\ㄗㄥ.mp3"
  removed 1 frame(s) (0.0s)
  removed 0.41KB
File "E:\我的文件\桌面\五上第十一課\soundData\ㄗㄥˋ.mp3"
  removed 1 frame(s) (0.0s)
  removed 0.41KB
File "E:\我的文件\桌面\五上第十一課\soundData\ㄗㄥˊ.mp3"
  removed 0.15KB
File "E:\我的文件\桌面\五上第十一課\soundData\ㄗㄥˇ.mp3"
  removed 0.16KB
File "E:\我的文件\桌面\五上第十一課\soundData\ㄗㄥ˙.mp3"
  removed 0.28KB
File "E:\我的文件\桌面\五上第十一課\soundData\ㄗㄨ.mp3"
  removed 1 frame(s) (0.0s)
  removed 0.41KB
File "E:\我的文件\桌面\五上第十一課\soundData\ㄗㄨˋ.mp3"
  removed 1 frame(s) (0.0s)
  removed 0.41KB
File "E:\我的文件\桌面\五上第十一課\soundData\ㄗㄨˊ.mp3"
  removed 1 frame(s) (0.0s)
  removed 0.41KB
File "E:\我的文件\桌面\五上第十一課\soundData\ㄗㄨˇ.mp3"
  removed 1 frame(s) (0.0s)
  removed 0.41KB
File "E:\我的文件\桌面\五上第十一課\soundData\ㄗㄨ˙.mp3"
  removed 0.28KB
File "E:\我的文件\桌面\五上第十一課\soundData\ㄗㄨㄛ.mp3"
  removed 1 frame(s) (0.0s)
  removed 0.41KB
File "E:\我的文件\桌面\五上第十一課\soundData\ㄗㄨㄛˋ.mp3"
  removed 1 frame(s) (0.0s)
  removed 0.41KB
File "E:\我的文件\桌面\五上第十一課\soundData\ㄗㄨㄛˊ.mp3"
  removed 1 frame(s) (0.0s)
  removed 0.41KB
File "E:\我的文件\桌面\五上第十一課\soundData\ㄗㄨㄛˇ.mp3"
  removed 1 frame(s) (0.0s)
  removed 0.41KB
File "E:\我的文件\桌面\五上第十一課\soundData\ㄗㄨㄛ˙.mp3"
  removed 0.28KB
File "E:\我的文件\桌面\五上第十一課\soundData\ㄗㄨㄟ.mp3"
  removed 1 frame(s) (0.0s)
  removed 0.41KB
File "E:\我的文件\桌面\五上第十一課\soundData\ㄗㄨㄟˋ.mp3"
  removed 1 frame(s) (0.0s)
  removed 0.41KB
File "E:\我的文件\桌面\五上第十一課\soundData\ㄗㄨㄟˊ.mp3"
  removed 0.28KB
File "E:\我的文件\桌面\五上第十一課\soundData\ㄗㄨㄟˇ.mp3"
  removed 1 frame(s) (0.0s)
  removed 0.41KB
File "E:\我的文件\桌面\五上第十一課\soundData\ㄗㄨㄟ˙.mp3"
  removed 0.28KB
File "E:\我的文件\桌面\五上第十一課\soundData\ㄗㄨㄢ.mp3"
  removed 1 frame(s) (0.0s)
  removed 0.41KB
File "E:\我的文件\桌面\五上第十一課\soundData\ㄗㄨㄢˋ.mp3"
  removed 1 frame(s) (0.0s)
  removed 0.41KB
File "E:\我的文件\桌面\五上第十一課\soundData\ㄗㄨㄢˊ.mp3"
  removed 0.28KB
File "E:\我的文件\桌面\五上第十一課\soundData\ㄗㄨㄢˇ.mp3"
  removed 1 frame(s) (0.0s)
  removed 0.41KB
File "E:\我的文件\桌面\五上第十一課\soundData\ㄗㄨㄢ˙.mp3"
  removed 0.28KB
File "E:\我的文件\桌面\五上第十一課\soundData\ㄗㄨㄣ.mp3"
  removed 1 frame(s) (0.0s)
  removed 0.41KB
File "E:\我的文件\桌面\五上第十一課\soundData\ㄗㄨㄣˋ.mp3"
  removed 1 frame(s) (0.0s)
  removed 0.41KB
File "E:\我的文件\桌面\五上第十一課\soundData\ㄗㄨㄣˊ.mp3"
  removed 0.28KB
File "E:\我的文件\桌面\五上第十一課\soundData\ㄗㄨㄣˇ.mp3"
  removed 1 frame(s) (0.0s)
  removed 0.41KB
File "E:\我的文件\桌面\五上第十一課\soundData\ㄗㄨㄣ˙.mp3"
  removed 0.28KB
File "E:\我的文件\桌面\五上第十一課\soundData\ㄗㄨㄥ.mp3"
  removed 1 frame(s) (0.0s)
  removed 0.41KB
File "E:\我的文件\桌面\五上第十一課\soundData\ㄗㄨㄥˋ.mp3"
  removed 1 frame(s) (0.0s)
  removed 0.41KB
File "E:\我的文件\桌面\五上第十一課\soundData\ㄗㄨㄥˊ.mp3"
  removed 0.28KB
File "E:\我的文件\桌面\五上第十一課\soundData\ㄗㄨㄥˇ.mp3"
  removed 1 frame(s) (0.0s)
  removed 0.41KB
File "E:\我的文件\桌面\五上第十一課\soundData\ㄗㄨㄥ˙.mp3"
  removed 0.28KB
File "E:\我的文件\桌面\五上第十一課\soundData\ㄘ.mp3"
File "E:\我的文件\桌面\五上第十一課\soundData\ㄘˋ.mp3"
File "E:\我的文件\桌面\五上第十一課\soundData\ㄘˊ.mp3"
File "E:\我的文件\桌面\五上第十一課\soundData\ㄘˇ.mp3"
File "E:\我的文件\桌面\五上第十一課\soundData\ㄘ˙.mp3"
File "E:\我的文件\桌面\五上第十一課\soundData\ㄘㄚ.mp3"
  removed 1 frame(s) (0.0s)
  removed 0.41KB
File "E:\我的文件\桌面\五上第十一課\soundData\ㄘㄚˋ.mp3"
  removed 1 frame(s) (0.0s)
  removed 0.41KB
File "E:\我的文件\桌面\五上第十一課\soundData\ㄘㄚˊ.mp3"
  removed 0.28KB
File "E:\我的文件\桌面\五上第十一課\soundData\ㄘㄚˇ.mp3"
  removed 0.28KB
File "E:\我的文件\桌面\五上第十一課\soundData\ㄘㄚ˙.mp3"
  removed 0.28KB
File "E:\我的文件\桌面\五上第十一課\soundData\ㄘㄜ.mp3"
  removed 0.28KB
File "E:\我的文件\桌面\五上第十一課\soundData\ㄘㄜˋ.mp3"
  removed 1 frame(s) (0.0s)
  removed 0.41KB
File "E:\我的文件\桌面\五上第十一課\soundData\ㄘㄜˊ.mp3"
  removed 0.28KB
File "E:\我的文件\桌面\五上第十一課\soundData\ㄘㄜˇ.mp3"
  removed 0.28KB
File "E:\我的文件\桌面\五上第十一課\soundData\ㄘㄜ˙.mp3"
  removed 0.28KB
File "E:\我的文件\桌面\五上第十一課\soundData\ㄘㄞ.mp3"
  removed 1 frame(s) (0.0s)
  removed 0.41KB
File "E:\我的文件\桌面\五上第十一課\soundData\ㄘㄞˋ.mp3"
  removed 1 frame(s) (0.0s)
  removed 0.41KB
File "E:\我的文件\桌面\五上第十一課\soundData\ㄘㄞˊ.mp3"
  removed 1 frame(s) (0.0s)
  removed 0.41KB
File "E:\我的文件\桌面\五上第十一課\soundData\ㄘㄞˇ.mp3"
  removed 1 frame(s) (0.0s)
  removed 0.41KB
File "E:\我的文件\桌面\五上第十一課\soundData\ㄘㄞ˙.mp3"
  removed 0.49KB
File "E:\我的文件\桌面\五上第十一課\soundData\ㄘㄠ.mp3"
  removed 1 frame(s) (0.0s)
  removed 0.41KB
File "E:\我的文件\桌面\五上第十一課\soundData\ㄘㄠˋ.mp3"
  removed 1 frame(s) (0.0s)
  removed 0.41KB
File "E:\我的文件\桌面\五上第十一課\soundData\ㄘㄠˊ.mp3"
  removed 1 frame(s) (0.0s)
  removed 0.41KB
File "E:\我的文件\桌面\五上第十一課\soundData\ㄘㄠˇ.mp3"
  removed 1 frame(s) (0.0s)
  removed 0.41KB
File "E:\我的文件\桌面\五上第十一課\soundData\ㄘㄠ˙.mp3"
  removed 0.49KB
File "E:\我的文件\桌面\五上第十一課\soundData\ㄘㄡ.mp3"
  removed 0.49KB
File "E:\我的文件\桌面\五上第十一課\soundData\ㄘㄡˋ.mp3"
  removed 1 frame(s) (0.0s)
  removed 0.41KB
File "E:\我的文件\桌面\五上第十一課\soundData\ㄘㄡˊ.mp3"
  removed 0.49KB
File "E:\我的文件\桌面\五上第十一課\soundData\ㄘㄡˇ.mp3"
  removed 0.49KB
File "E:\我的文件\桌面\五上第十一課\soundData\ㄘㄡ˙.mp3"
  removed 0.49KB
File "E:\我的文件\桌面\五上第十一課\soundData\ㄘㄢ.mp3"
  removed 1 frame(s) (0.0s)
  removed 0.41KB
File "E:\我的文件\桌面\五上第十一課\soundData\ㄘㄢˋ.mp3"
  removed 1 frame(s) (0.0s)
  removed 0.41KB
File "E:\我的文件\桌面\五上第十一課\soundData\ㄘㄢˊ.mp3"
  removed 1 frame(s) (0.0s)
  removed 0.41KB
File "E:\我的文件\桌面\五上第十一課\soundData\ㄘㄢˇ.mp3"
  removed 1 frame(s) (0.0s)
  removed 0.41KB
File "E:\我的文件\桌面\五上第十一課\soundData\ㄘㄢ˙.mp3"
  removed 0.49KB
File "E:\我的文件\桌面\五上第十一課\soundData\ㄘㄣ.mp3"
  removed 1 frame(s) (0.0s)
  removed 0.41KB
File "E:\我的文件\桌面\五上第十一課\soundData\ㄘㄣˋ.mp3"
  removed 0.49KB
File "E:\我的文件\桌面\五上第十一課\soundData\ㄘㄣˊ.mp3"
  removed 1 frame(s) (0.0s)
  removed 0.41KB
File "E:\我的文件\桌面\五上第十一課\soundData\ㄘㄣˇ.mp3"
  removed 0.49KB
File "E:\我的文件\桌面\五上第十一課\soundData\ㄘㄣ˙.mp3"
  removed 0.49KB
File "E:\我的文件\桌面\五上第十一課\soundData\ㄘㄤ.mp3"
  removed 1 frame(s) (0.0s)
  removed 0.41KB
File "E:\我的文件\桌面\五上第十一課\soundData\ㄘㄤˋ.mp3"
  removed 0.28KB
File "E:\我的文件\桌面\五上第十一課\soundData\ㄘㄤˊ.mp3"
  removed 1 frame(s) (0.0s)
  removed 0.41KB
File "E:\我的文件\桌面\五上第十一課\soundData\ㄘㄤˇ.mp3"
  removed 1 frame(s) (0.0s)
  removed 0.41KB
File "E:\我的文件\桌面\五上第十一課\soundData\ㄘㄤ˙.mp3"
  removed 0.28KB
File "E:\我的文件\桌面\五上第十一課\soundData\ㄘㄥ.mp3"
  removed 1 frame(s) (0.0s)
  removed 0.41KB
File "E:\我的文件\桌面\五上第十一課\soundData\ㄘㄥˋ.mp3"
  removed 1 frame(s) (0.0s)
  removed 0.41KB
File "E:\我的文件\桌面\五上第十一課\soundData\ㄘㄥˊ.mp3"
  removed 1 frame(s) (0.0s)
  removed 0.41KB
File "E:\我的文件\桌面\五上第十一課\soundData\ㄘㄥˇ.mp3"
  removed 0.15KB
File "E:\我的文件\桌面\五上第十一課\soundData\ㄘㄥ˙.mp3"
  removed 0.28KB
File "E:\我的文件\桌面\五上第十一課\soundData\ㄘㄨ.mp3"
  removed 1 frame(s) (0.0s)
  removed 0.41KB
File "E:\我的文件\桌面\五上第十一課\soundData\ㄘㄨˋ.mp3"
  removed 1 frame(s) (0.0s)
  removed 0.41KB
File "E:\我的文件\桌面\五上第十一課\soundData\ㄘㄨˊ.mp3"
  removed 1 frame(s) (0.0s)
  removed 0.41KB
File "E:\我的文件\桌面\五上第十一課\soundData\ㄘㄨˇ.mp3"
  removed 0.28KB
File "E:\我的文件\桌面\五上第十一課\soundData\ㄘㄨ˙.mp3"
  removed 0.28KB
File "E:\我的文件\桌面\五上第十一課\soundData\ㄘㄨㄛ.mp3"
  removed 1 frame(s) (0.0s)
  removed 0.41KB
File "E:\我的文件\桌面\五上第十一課\soundData\ㄘㄨㄛˋ.mp3"
  removed 1 frame(s) (0.0s)
  removed 0.41KB
File "E:\我的文件\桌面\五上第十一課\soundData\ㄘㄨㄛˊ.mp3"
  removed 1 frame(s) (0.0s)
  removed 0.41KB
File "E:\我的文件\桌面\五上第十一課\soundData\ㄘㄨㄛˇ.mp3"
  removed 1 frame(s) (0.0s)
  removed 0.41KB
File "E:\我的文件\桌面\五上第十一課\soundData\ㄘㄨㄛ˙.mp3"
  removed 0.28KB
File "E:\我的文件\桌面\五上第十一課\soundData\ㄘㄨㄟ.mp3"
  removed 1 frame(s) (0.0s)
  removed 0.41KB
File "E:\我的文件\桌面\五上第十一課\soundData\ㄘㄨㄟˋ.mp3"
  removed 1 frame(s) (0.0s)
  removed 0.41KB
File "E:\我的文件\桌面\五上第十一課\soundData\ㄘㄨㄟˊ.mp3"
  removed 1 frame(s) (0.0s)
  removed 0.41KB
File "E:\我的文件\桌面\五上第十一課\soundData\ㄘㄨㄟˇ.mp3"
  removed 1 frame(s) (0.0s)
  removed 0.41KB
File "E:\我的文件\桌面\五上第十一課\soundData\ㄘㄨㄟ˙.mp3"
  removed 0.28KB
File "E:\我的文件\桌面\五上第十一課\soundData\ㄘㄨㄢ.mp3"
  removed 1 frame(s) (0.0s)
  removed 0.41KB
File "E:\我的文件\桌面\五上第十一課\soundData\ㄘㄨㄢˋ.mp3"
  removed 1 frame(s) (0.0s)
  removed 0.41KB
File "E:\我的文件\桌面\五上第十一課\soundData\ㄘㄨㄢˊ.mp3"
  removed 1 frame(s) (0.0s)
  removed 0.41KB
File "E:\我的文件\桌面\五上第十一課\soundData\ㄘㄨㄢˇ.mp3"
  removed 0.28KB
File "E:\我的文件\桌面\五上第十一課\soundData\ㄘㄨㄢ˙.mp3"
  removed 0.28KB
File "E:\我的文件\桌面\五上第十一課\soundData\ㄘㄨㄣ.mp3"
  removed 1 frame(s) (0.0s)
  removed 0.41KB
File "E:\我的文件\桌面\五上第十一課\soundData\ㄘㄨㄣˋ.mp3"
  removed 1 frame(s) (0.0s)
  removed 0.41KB
File "E:\我的文件\桌面\五上第十一課\soundData\ㄘㄨㄣˊ.mp3"
  removed 1 frame(s) (0.0s)
  removed 0.41KB
File "E:\我的文件\桌面\五上第十一課\soundData\ㄘㄨㄣˇ.mp3"
  removed 1 frame(s) (0.0s)
  removed 0.41KB
File "E:\我的文件\桌面\五上第十一課\soundData\ㄘㄨㄣ˙.mp3"
  removed 0.28KB
File "E:\我的文件\桌面\五上第十一課\soundData\ㄘㄨㄥ.mp3"
  removed 1 frame(s) (0.0s)
  removed 0.41KB
File "E:\我的文件\桌面\五上第十一課\soundData\ㄘㄨㄥˋ.mp3"
  removed 0.28KB
File "E:\我的文件\桌面\五上第十一課\soundData\ㄘㄨㄥˊ.mp3"
  removed 1 frame(s) (0.0s)
  removed 0.41KB
File "E:\我的文件\桌面\五上第十一課\soundData\ㄘㄨㄥˇ.mp3"
  removed 0.28KB
File "E:\我的文件\桌面\五上第十一課\soundData\ㄘㄨㄥ˙.mp3"
  removed 0.28KB
File "E:\我的文件\桌面\五上第十一課\soundData\ㄙ.mp3"
File "E:\我的文件\桌面\五上第十一課\soundData\ㄙˋ.mp3"
File "E:\我的文件\桌面\五上第十一課\soundData\ㄙˊ.mp3"
File "E:\我的文件\桌面\五上第十一課\soundData\ㄙˇ.mp3"
File "E:\我的文件\桌面\五上第十一課\soundData\ㄙ˙.mp3"
File "E:\我的文件\桌面\五上第十一課\soundData\ㄙㄚ.mp3"
  removed 1 frame(s) (0.0s)
  removed 0.41KB
File "E:\我的文件\桌面\五上第十一課\soundData\ㄙㄚˋ.mp3"
  removed 1 frame(s) (0.0s)
  removed 0.41KB
File "E:\我的文件\桌面\五上第十一課\soundData\ㄙㄚˊ.mp3"
  removed 0.28KB
File "E:\我的文件\桌面\五上第十一課\soundData\ㄙㄚˇ.mp3"
  removed 1 frame(s) (0.0s)
  removed 0.41KB
File "E:\我的文件\桌面\五上第十一課\soundData\ㄙㄚ˙.mp3"
  removed 0.28KB
File "E:\我的文件\桌面\五上第十一課\soundData\ㄙㄜ.mp3"
  removed 0.49KB
File "E:\我的文件\桌面\五上第十一課\soundData\ㄙㄜˋ.mp3"
  removed 1 frame(s) (0.0s)
  removed 0.41KB
File "E:\我的文件\桌面\五上第十一課\soundData\ㄙㄜˊ.mp3"
  removed 0.49KB
File "E:\我的文件\桌面\五上第十一課\soundData\ㄙㄜˇ.mp3"
  removed 0.49KB
File "E:\我的文件\桌面\五上第十一課\soundData\ㄙㄜ˙.mp3"
  removed 0.49KB
File "E:\我的文件\桌面\五上第十一課\soundData\ㄙㄞ.mp3"
  removed 1 frame(s) (0.0s)
  removed 0.41KB
File "E:\我的文件\桌面\五上第十一課\soundData\ㄙㄞˋ.mp3"
  removed 1 frame(s) (0.0s)
  removed 0.41KB
File "E:\我的文件\桌面\五上第十一課\soundData\ㄙㄞˊ.mp3"
  removed 0.49KB
File "E:\我的文件\桌面\五上第十一課\soundData\ㄙㄞˇ.mp3"
  removed 0.49KB
File "E:\我的文件\桌面\五上第十一課\soundData\ㄙㄞ˙.mp3"
  removed 0.49KB
File "E:\我的文件\桌面\五上第十一課\soundData\ㄙㄠ.mp3"
  removed 1 frame(s) (0.0s)
  removed 0.41KB
File "E:\我的文件\桌面\五上第十一課\soundData\ㄙㄠˋ.mp3"
  removed 1 frame(s) (0.0s)
  removed 0.41KB
File "E:\我的文件\桌面\五上第十一課\soundData\ㄙㄠˊ.mp3"
  removed 0.49KB
File "E:\我的文件\桌面\五上第十一課\soundData\ㄙㄠˇ.mp3"
  removed 1 frame(s) (0.0s)
  removed 0.41KB
File "E:\我的文件\桌面\五上第十一課\soundData\ㄙㄠ˙.mp3"
  removed 0.49KB
File "E:\我的文件\桌面\五上第十一課\soundData\ㄙㄡ.mp3"
  removed 1 frame(s) (0.0s)
  removed 0.41KB
File "E:\我的文件\桌面\五上第十一課\soundData\ㄙㄡˋ.mp3"
  removed 1 frame(s) (0.0s)
  removed 0.41KB
File "E:\我的文件\桌面\五上第十一課\soundData\ㄙㄡˊ.mp3"
  removed 0.49KB
File "E:\我的文件\桌面\五上第十一課\soundData\ㄙㄡˇ.mp3"
  removed 1 frame(s) (0.0s)
  removed 0.41KB
File "E:\我的文件\桌面\五上第十一課\soundData\ㄙㄡ˙.mp3"
  removed 0.49KB
File "E:\我的文件\桌面\五上第十一課\soundData\ㄙㄢ.mp3"
  removed 1 frame(s) (0.0s)
  removed 0.41KB
File "E:\我的文件\桌面\五上第十一課\soundData\ㄙㄢˋ.mp3"
  removed 1 frame(s) (0.0s)
  removed 0.41KB
File "E:\我的文件\桌面\五上第十一課\soundData\ㄙㄢˊ.mp3"
  removed 0.49KB
File "E:\我的文件\桌面\五上第十一課\soundData\ㄙㄢˇ.mp3"
  removed 1 frame(s) (0.0s)
  removed 0.41KB
File "E:\我的文件\桌面\五上第十一課\soundData\ㄙㄢ˙.mp3"
  removed 0.49KB
File "E:\我的文件\桌面\五上第十一課\soundData\ㄙㄣ.mp3"
  removed 1 frame(s) (0.0s)
  removed 0.41KB
File "E:\我的文件\桌面\五上第十一課\soundData\ㄙㄣˋ.mp3"
  removed 0.49KB
File "E:\我的文件\桌面\五上第十一課\soundData\ㄙㄣˊ.mp3"
  removed 0.49KB
File "E:\我的文件\桌面\五上第十一課\soundData\ㄙㄣˇ.mp3"
  removed 0.49KB
File "E:\我的文件\桌面\五上第十一課\soundData\ㄙㄣ˙.mp3"
  removed 0.49KB
File "E:\我的文件\桌面\五上第十一課\soundData\ㄙㄤ.mp3"
  removed 1 frame(s) (0.0s)
  removed 0.41KB
File "E:\我的文件\桌面\五上第十一課\soundData\ㄙㄤˋ.mp3"
  removed 1 frame(s) (0.0s)
  removed 0.41KB
File "E:\我的文件\桌面\五上第十一課\soundData\ㄙㄤˊ.mp3"
  removed 0.28KB
File "E:\我的文件\桌面\五上第十一課\soundData\ㄙㄤˇ.mp3"
  removed 1 frame(s) (0.0s)
  removed 0.41KB
File "E:\我的文件\桌面\五上第十一課\soundData\ㄙㄤ˙.mp3"
  removed 0.28KB
File "E:\我的文件\桌面\五上第十一課\soundData\ㄙㄥ.mp3"
  removed 1 frame(s) (0.0s)
  removed 0.41KB
File "E:\我的文件\桌面\五上第十一課\soundData\ㄙㄥˋ.mp3"
  removed 0.16KB
File "E:\我的文件\桌面\五上第十一課\soundData\ㄙㄥˊ.mp3"
  removed 0.15KB
File "E:\我的文件\桌面\五上第十一課\soundData\ㄙㄥˇ.mp3"
  removed 0.15KB
File "E:\我的文件\桌面\五上第十一課\soundData\ㄙㄥ˙.mp3"
  removed 0.49KB
File "E:\我的文件\桌面\五上第十一課\soundData\ㄙㄨ.mp3"
  removed 1 frame(s) (0.0s)
  removed 0.41KB
File "E:\我的文件\桌面\五上第十一課\soundData\ㄙㄨˋ.mp3"
  removed 1 frame(s) (0.0s)
  removed 0.41KB
File "E:\我的文件\桌面\五上第十一課\soundData\ㄙㄨˊ.mp3"
  removed 1 frame(s) (0.0s)
  removed 0.41KB
File "E:\我的文件\桌面\五上第十一課\soundData\ㄙㄨˇ.mp3"
  removed 0.28KB
File "E:\我的文件\桌面\五上第十一課\soundData\ㄙㄨ˙.mp3"
  removed 1 frame(s) (0.0s)
  removed 0.41KB
File "E:\我的文件\桌面\五上第十一課\soundData\ㄙㄨㄛ.mp3"
  removed 1 frame(s) (0.0s)
  removed 0.41KB
File "E:\我的文件\桌面\五上第十一課\soundData\ㄙㄨㄛˋ.mp3"
  removed 1 frame(s) (0.0s)
  removed 0.41KB
File "E:\我的文件\桌面\五上第十一課\soundData\ㄙㄨㄛˊ.mp3"
  removed 0.28KB
File "E:\我的文件\桌面\五上第十一課\soundData\ㄙㄨㄛˇ.mp3"
  removed 1 frame(s) (0.0s)
  removed 0.41KB
File "E:\我的文件\桌面\五上第十一課\soundData\ㄙㄨㄛ˙.mp3"
  removed 1 frame(s) (0.0s)
  removed 0.41KB
File "E:\我的文件\桌面\五上第十一課\soundData\ㄙㄨㄟ.mp3"
  removed 1 frame(s) (0.0s)
  removed 0.41KB
File "E:\我的文件\桌面\五上第十一課\soundData\ㄙㄨㄟˋ.mp3"
  removed 1 frame(s) (0.0s)
  removed 0.41KB
File "E:\我的文件\桌面\五上第十一課\soundData\ㄙㄨㄟˊ.mp3"
  removed 1 frame(s) (0.0s)
  removed 0.41KB
File "E:\我的文件\桌面\五上第十一課\soundData\ㄙㄨㄟˇ.mp3"
  removed 1 frame(s) (0.0s)
  removed 0.41KB
File "E:\我的文件\桌面\五上第十一課\soundData\ㄙㄨㄟ˙.mp3"
  removed 0.28KB
File "E:\我的文件\桌面\五上第十一課\soundData\ㄙㄨㄢ.mp3"
  removed 1 frame(s) (0.0s)
  removed 0.41KB
File "E:\我的文件\桌面\五上第十一課\soundData\ㄙㄨㄢˋ.mp3"
  removed 1 frame(s) (0.0s)
  removed 0.41KB
File "E:\我的文件\桌面\五上第十一課\soundData\ㄙㄨㄢˊ.mp3"
  removed 0.28KB
File "E:\我的文件\桌面\五上第十一課\soundData\ㄙㄨㄢˇ.mp3"
  removed 1 frame(s) (0.0s)
  removed 0.41KB
File "E:\我的文件\桌面\五上第十一課\soundData\ㄙㄨㄢ˙.mp3"
  removed 0.28KB
File "E:\我的文件\桌面\五上第十一課\soundData\ㄙㄨㄣ.mp3"
  removed 1 frame(s) (0.0s)
  removed 0.41KB
File "E:\我的文件\桌面\五上第十一課\soundData\ㄙㄨㄣˋ.mp3"
  removed 0.28KB
File "E:\我的文件\桌面\五上第十一課\soundData\ㄙㄨㄣˊ.mp3"
  removed 0.28KB
File "E:\我的文件\桌面\五上第十一課\soundData\ㄙㄨㄣˇ.mp3"
  removed 1 frame(s) (0.0s)
  removed 0.41KB
File "E:\我的文件\桌面\五上第十一課\soundData\ㄙㄨㄣ˙.mp3"
  removed 0.28KB
File "E:\我的文件\桌面\五上第十一課\soundData\ㄙㄨㄥ.mp3"
  removed 1 frame(s) (0.0s)
  removed 0.41KB
File "E:\我的文件\桌面\五上第十一課\soundData\ㄙㄨㄥˋ.mp3"
  removed 1 frame(s) (0.0s)
  removed 0.41KB
File "E:\我的文件\桌面\五上第十一課\soundData\ㄙㄨㄥˊ.mp3"
  removed 0.28KB
File "E:\我的文件\桌面\五上第十一課\soundData\ㄙㄨㄥˇ.mp3"
  removed 1 frame(s) (0.0s)
  removed 0.41KB
File "E:\我的文件\桌面\五上第十一課\soundData\ㄙㄨㄥ˙.mp3"
  removed 0.28KB
File "E:\我的文件\桌面\五上第十一課\soundData\ㄚ.mp3"
File "E:\我的文件\桌面\五上第十一課\soundData\ㄚˋ.mp3"
File "E:\我的文件\桌面\五上第十一課\soundData\ㄚˊ.mp3"
File "E:\我的文件\桌面\五上第十一課\soundData\ㄚˇ.mp3"
  removed 1 frame(s) (0.0s)
  removed 0.41KB
File "E:\我的文件\桌面\五上第十一課\soundData\ㄚ˙.mp3"
File "E:\我的文件\桌面\五上第十一課\soundData\ㄛ.mp3"
File "E:\我的文件\桌面\五上第十一課\soundData\ㄛˋ.mp3"
File "E:\我的文件\桌面\五上第十一課\soundData\ㄛˊ.mp3"
File "E:\我的文件\桌面\五上第十一課\soundData\ㄛˇ.mp3"
File "E:\我的文件\桌面\五上第十一課\soundData\ㄛ˙.mp3"
File "E:\我的文件\桌面\五上第十一課\soundData\ㄜ.mp3"
File "E:\我的文件\桌面\五上第十一課\soundData\ㄜˋ.mp3"
File "E:\我的文件\桌面\五上第十一課\soundData\ㄜˊ.mp3"
File "E:\我的文件\桌面\五上第十一課\soundData\ㄜˇ.mp3"
File "E:\我的文件\桌面\五上第十一課\soundData\ㄜ˙.mp3"
File "E:\我的文件\桌面\五上第十一課\soundData\ㄝ.mp3"
File "E:\我的文件\桌面\五上第十一課\soundData\ㄝˋ.mp3"
File "E:\我的文件\桌面\五上第十一課\soundData\ㄝˊ.mp3"
File "E:\我的文件\桌面\五上第十一課\soundData\ㄝˇ.mp3"
File "E:\我的文件\桌面\五上第十一課\soundData\ㄝ˙.mp3"
File "E:\我的文件\桌面\五上第十一課\soundData\ㄞ.mp3"
File "E:\我的文件\桌面\五上第十一課\soundData\ㄞˋ.mp3"
File "E:\我的文件\桌面\五上第十一課\soundData\ㄞˊ.mp3"
File "E:\我的文件\桌面\五上第十一課\soundData\ㄞˇ.mp3"
  removed 1 frame(s) (0.0s)
  removed 0.41KB
File "E:\我的文件\桌面\五上第十一課\soundData\ㄞ˙.mp3"
File "E:\我的文件\桌面\五上第十一課\soundData\ㄟ.mp3"
File "E:\我的文件\桌面\五上第十一課\soundData\ㄟˋ.mp3"
File "E:\我的文件\桌面\五上第十一課\soundData\ㄟˊ.mp3"
File "E:\我的文件\桌面\五上第十一課\soundData\ㄟˇ.mp3"
File "E:\我的文件\桌面\五上第十一課\soundData\ㄟ˙.mp3"
File "E:\我的文件\桌面\五上第十一課\soundData\ㄠ.mp3"
File "E:\我的文件\桌面\五上第十一課\soundData\ㄠˋ.mp3"
File "E:\我的文件\桌面\五上第十一課\soundData\ㄠˊ.mp3"
  removed 1 frame(s) (0.0s)
  removed 0.41KB
File "E:\我的文件\桌面\五上第十一課\soundData\ㄠˇ.mp3"
File "E:\我的文件\桌面\五上第十一課\soundData\ㄠ˙.mp3"
File "E:\我的文件\桌面\五上第十一課\soundData\ㄡ.mp3"
  removed 1 frame(s) (0.0s)
  removed 0.41KB
File "E:\我的文件\桌面\五上第十一課\soundData\ㄡˋ.mp3"
File "E:\我的文件\桌面\五上第十一課\soundData\ㄡˊ.mp3"
File "E:\我的文件\桌面\五上第十一課\soundData\ㄡˇ.mp3"
File "E:\我的文件\桌面\五上第十一課\soundData\ㄡ˙.mp3"
File "E:\我的文件\桌面\五上第十一課\soundData\ㄢ.mp3"
File "E:\我的文件\桌面\五上第十一課\soundData\ㄢˋ.mp3"
File "E:\我的文件\桌面\五上第十一課\soundData\ㄢˊ.mp3"
File "E:\我的文件\桌面\五上第十一課\soundData\ㄢˇ.mp3"
File "E:\我的文件\桌面\五上第十一課\soundData\ㄢ˙.mp3"
File "E:\我的文件\桌面\五上第十一課\soundData\ㄣ.mp3"
File "E:\我的文件\桌面\五上第十一課\soundData\ㄣˋ.mp3"
File "E:\我的文件\桌面\五上第十一課\soundData\ㄣˊ.mp3"
File "E:\我的文件\桌面\五上第十一課\soundData\ㄣˇ.mp3"
File "E:\我的文件\桌面\五上第十一課\soundData\ㄣ˙.mp3"
File "E:\我的文件\桌面\五上第十一課\soundData\ㄤ.mp3"
File "E:\我的文件\桌面\五上第十一課\soundData\ㄤˋ.mp3"
File "E:\我的文件\桌面\五上第十一課\soundData\ㄤˊ.mp3"
File "E:\我的文件\桌面\五上第十一課\soundData\ㄤˇ.mp3"
File "E:\我的文件\桌面\五上第十一課\soundData\ㄤ˙.mp3"
File "E:\我的文件\桌面\五上第十一課\soundData\ㄥ.mp3"
File "E:\我的文件\桌面\五上第十一課\soundData\ㄥˋ.mp3"
File "E:\我的文件\桌面\五上第十一課\soundData\ㄥˊ.mp3"
File "E:\我的文件\桌面\五上第十一課\soundData\ㄥˇ.mp3"
File "E:\我的文件\桌面\五上第十一課\soundData\ㄥ˙.mp3"
File "E:\我的文件\桌面\五上第十一課\soundData\ㄦ.mp3"
File "E:\我的文件\桌面\五上第十一課\soundData\ㄦˋ.mp3"
File "E:\我的文件\桌面\五上第十一課\soundData\ㄦˊ.mp3"
  removed 1 frame(s) (0.0s)
  removed 0.41KB
File "E:\我的文件\桌面\五上第十一課\soundData\ㄦˇ.mp3"
File "E:\我的文件\桌面\五上第十一課\soundData\ㄦ˙.mp3"
  removed 1 frame(s) (0.0s)
  removed 0.41KB
File "E:\我的文件\桌面\五上第十一課\soundData\ㄧ.mp3"
File "E:\我的文件\桌面\五上第十一課\soundData\ㄧˋ.mp3"
File "E:\我的文件\桌面\五上第十一課\soundData\ㄧˊ.mp3"
File "E:\我的文件\桌面\五上第十一課\soundData\ㄧˇ.mp3"
File "E:\我的文件\桌面\五上第十一課\soundData\ㄧ˙.mp3"
File "E:\我的文件\桌面\五上第十一課\soundData\ㄧㄚ.mp3"
File "E:\我的文件\桌面\五上第十一課\soundData\ㄧㄚˋ.mp3"
File "E:\我的文件\桌面\五上第十一課\soundData\ㄧㄚˊ.mp3"
File "E:\我的文件\桌面\五上第十一課\soundData\ㄧㄚˇ.mp3"
File "E:\我的文件\桌面\五上第十一課\soundData\ㄧㄚ˙.mp3"
File "E:\我的文件\桌面\五上第十一課\soundData\ㄧㄛ.mp3"
  removed 1 frame(s) (0.0s)
  removed 0.41KB
File "E:\我的文件\桌面\五上第十一課\soundData\ㄧㄛˋ.mp3"
  removed 0.49KB
File "E:\我的文件\桌面\五上第十一課\soundData\ㄧㄛˊ.mp3"
  removed 0.49KB
File "E:\我的文件\桌面\五上第十一課\soundData\ㄧㄛˇ.mp3"
  removed 0.49KB
File "E:\我的文件\桌面\五上第十一課\soundData\ㄧㄛ˙.mp3"
  removed 0.49KB
File "E:\我的文件\桌面\五上第十一課\soundData\ㄧㄝ.mp3"
File "E:\我的文件\桌面\五上第十一課\soundData\ㄧㄝˋ.mp3"
File "E:\我的文件\桌面\五上第十一課\soundData\ㄧㄝˊ.mp3"
File "E:\我的文件\桌面\五上第十一課\soundData\ㄧㄝˇ.mp3"
File "E:\我的文件\桌面\五上第十一課\soundData\ㄧㄝ˙.mp3"
File "E:\我的文件\桌面\五上第十一課\soundData\ㄧㄞ.mp3"
  removed 0.49KB
File "E:\我的文件\桌面\五上第十一課\soundData\ㄧㄞˋ.mp3"
  removed 0.49KB
File "E:\我的文件\桌面\五上第十一課\soundData\ㄧㄞˊ.mp3"
  removed 1 frame(s) (0.0s)
  removed 0.41KB
File "E:\我的文件\桌面\五上第十一課\soundData\ㄧㄞˇ.mp3"
  removed 0.49KB
File "E:\我的文件\桌面\五上第十一課\soundData\ㄧㄞ˙.mp3"
  removed 0.49KB
File "E:\我的文件\桌面\五上第十一課\soundData\ㄧㄠ.mp3"
File "E:\我的文件\桌面\五上第十一課\soundData\ㄧㄠˋ.mp3"
File "E:\我的文件\桌面\五上第十一課\soundData\ㄧㄠˊ.mp3"
File "E:\我的文件\桌面\五上第十一課\soundData\ㄧㄠˇ.mp3"
File "E:\我的文件\桌面\五上第十一課\soundData\ㄧㄠ˙.mp3"
File "E:\我的文件\桌面\五上第十一課\soundData\ㄧㄡ.mp3"
File "E:\我的文件\桌面\五上第十一課\soundData\ㄧㄡˋ.mp3"
File "E:\我的文件\桌面\五上第十一課\soundData\ㄧㄡˊ.mp3"
File "E:\我的文件\桌面\五上第十一課\soundData\ㄧㄡˇ.mp3"
File "E:\我的文件\桌面\五上第十一課\soundData\ㄧㄡ˙.mp3"
File "E:\我的文件\桌面\五上第十一課\soundData\ㄧㄢ.mp3"
File "E:\我的文件\桌面\五上第十一課\soundData\ㄧㄢˋ.mp3"
File "E:\我的文件\桌面\五上第十一課\soundData\ㄧㄢˊ.mp3"
  removed 1 frame(s) (0.0s)
  removed 0.41KB
File "E:\我的文件\桌面\五上第十一課\soundData\ㄧㄢˇ.mp3"
  removed 1 frame(s) (0.0s)
  removed 0.41KB
File "E:\我的文件\桌面\五上第十一課\soundData\ㄧㄢ˙.mp3"
File "E:\我的文件\桌面\五上第十一課\soundData\ㄧㄣ.mp3"
File "E:\我的文件\桌面\五上第十一課\soundData\ㄧㄣˋ.mp3"
File "E:\我的文件\桌面\五上第十一課\soundData\ㄧㄣˊ.mp3"
File "E:\我的文件\桌面\五上第十一課\soundData\ㄧㄣˇ.mp3"
File "E:\我的文件\桌面\五上第十一課\soundData\ㄧㄣ˙.mp3"
File "E:\我的文件\桌面\五上第十一課\soundData\ㄧㄤ.mp3"
File "E:\我的文件\桌面\五上第十一課\soundData\ㄧㄤˋ.mp3"
File "E:\我的文件\桌面\五上第十一課\soundData\ㄧㄤˊ.mp3"
File "E:\我的文件\桌面\五上第十一課\soundData\ㄧㄤˇ.mp3"
File "E:\我的文件\桌面\五上第十一課\soundData\ㄧㄤ˙.mp3"
File "E:\我的文件\桌面\五上第十一課\soundData\ㄧㄥ.mp3"
File "E:\我的文件\桌面\五上第十一課\soundData\ㄧㄥˋ.mp3"
File "E:\我的文件\桌面\五上第十一課\soundData\ㄧㄥˊ.mp3"
  removed 1 frame(s) (0.0s)
  removed 0.41KB
File "E:\我的文件\桌面\五上第十一課\soundData\ㄧㄥˇ.mp3"
File "E:\我的文件\桌面\五上第十一課\soundData\ㄧㄥ˙.mp3"
File "E:\我的文件\桌面\五上第十一課\soundData\ㄨ.mp3"
File "E:\我的文件\桌面\五上第十一課\soundData\ㄨˋ.mp3"
File "E:\我的文件\桌面\五上第十一課\soundData\ㄨˊ.mp3"
File "E:\我的文件\桌面\五上第十一課\soundData\ㄨˇ.mp3"
File "E:\我的文件\桌面\五上第十一課\soundData\ㄨˇˇ.mp3"
  removed 1 frame(s) (0.0s)
  removed 0.41KB
File "E:\我的文件\桌面\五上第十一課\soundData\ㄨ˙.mp3"
File "E:\我的文件\桌面\五上第十一課\soundData\ㄨㄚ.mp3"
File "E:\我的文件\桌面\五上第十一課\soundData\ㄨㄚˋ.mp3"
File "E:\我的文件\桌面\五上第十一課\soundData\ㄨㄚˊ.mp3"
File "E:\我的文件\桌面\五上第十一課\soundData\ㄨㄚˇ.mp3"
File "E:\我的文件\桌面\五上第十一課\soundData\ㄨㄚ˙.mp3"
File "E:\我的文件\桌面\五上第十一課\soundData\ㄨㄛ.mp3"
File "E:\我的文件\桌面\五上第十一課\soundData\ㄨㄛˋ.mp3"
File "E:\我的文件\桌面\五上第十一課\soundData\ㄨㄛˊ.mp3"
File "E:\我的文件\桌面\五上第十一課\soundData\ㄨㄛˇ.mp3"
File "E:\我的文件\桌面\五上第十一課\soundData\ㄨㄛ˙.mp3"
File "E:\我的文件\桌面\五上第十一課\soundData\ㄨㄞ.mp3"
File "E:\我的文件\桌面\五上第十一課\soundData\ㄨㄞˋ.mp3"
File "E:\我的文件\桌面\五上第十一課\soundData\ㄨㄞˊ.mp3"
File "E:\我的文件\桌面\五上第十一課\soundData\ㄨㄞˇ.mp3"
File "E:\我的文件\桌面\五上第十一課\soundData\ㄨㄞ˙.mp3"
File "E:\我的文件\桌面\五上第十一課\soundData\ㄨㄟ.mp3"
File "E:\我的文件\桌面\五上第十一課\soundData\ㄨㄟˋ.mp3"
File "E:\我的文件\桌面\五上第十一課\soundData\ㄨㄟˊ.mp3"
File "E:\我的文件\桌面\五上第十一課\soundData\ㄨㄟˇ.mp3"
File "E:\我的文件\桌面\五上第十一課\soundData\ㄨㄟ˙.mp3"
File "E:\我的文件\桌面\五上第十一課\soundData\ㄨㄢ.mp3"
File "E:\我的文件\桌面\五上第十一課\soundData\ㄨㄢˋ.mp3"
File "E:\我的文件\桌面\五上第十一課\soundData\ㄨㄢˊ.mp3"
  removed 1 frame(s) (0.0s)
  removed 0.41KB
File "E:\我的文件\桌面\五上第十一課\soundData\ㄨㄢˇ.mp3"
  removed 1 frame(s) (0.0s)
  removed 0.41KB
File "E:\我的文件\桌面\五上第十一課\soundData\ㄨㄢ˙.mp3"
File "E:\我的文件\桌面\五上第十一課\soundData\ㄨㄣ.mp3"
File "E:\我的文件\桌面\五上第十一課\soundData\ㄨㄣˋ.mp3"
File "E:\我的文件\桌面\五上第十一課\soundData\ㄨㄣˊ.mp3"
  removed 1 frame(s) (0.0s)
  removed 0.41KB
File "E:\我的文件\桌面\五上第十一課\soundData\ㄨㄣˇ.mp3"
File "E:\我的文件\桌面\五上第十一課\soundData\ㄨㄣ˙.mp3"
File "E:\我的文件\桌面\五上第十一課\soundData\ㄨㄤ.mp3"
File "E:\我的文件\桌面\五上第十一課\soundData\ㄨㄤˋ.mp3"
  removed 1 frame(s) (0.0s)
  removed 0.41KB
File "E:\我的文件\桌面\五上第十一課\soundData\ㄨㄤˊ.mp3"
File "E:\我的文件\桌面\五上第十一課\soundData\ㄨㄤˇ.mp3"
File "E:\我的文件\桌面\五上第十一課\soundData\ㄨㄤ˙.mp3"
File "E:\我的文件\桌面\五上第十一課\soundData\ㄨㄥ.mp3"
File "E:\我的文件\桌面\五上第十一課\soundData\ㄨㄥˋ.mp3"
File "E:\我的文件\桌面\五上第十一課\soundData\ㄨㄥˊ.mp3"
File "E:\我的文件\桌面\五上第十一課\soundData\ㄨㄥˇ.mp3"
File "E:\我的文件\桌面\五上第十一課\soundData\ㄨㄥ˙.mp3"
File "E:\我的文件\桌面\五上第十一課\soundData\ㄩ.mp3"
File "E:\我的文件\桌面\五上第十一課\soundData\ㄩˋ.mp3"
File "E:\我的文件\桌面\五上第十一課\soundData\ㄩˊ.mp3"
File "E:\我的文件\桌面\五上第十一課\soundData\ㄩˇ.mp3"
File "E:\我的文件\桌面\五上第十一課\soundData\ㄩ˙.mp3"
File "E:\我的文件\桌面\五上第十一課\soundData\ㄩㄝ.mp3"
File "E:\我的文件\桌面\五上第十一課\soundData\ㄩㄝˋ.mp3"
File "E:\我的文件\桌面\五上第十一課\soundData\ㄩㄝˊ.mp3"
File "E:\我的文件\桌面\五上第十一課\soundData\ㄩㄝˇ.mp3"
File "E:\我的文件\桌面\五上第十一課\soundData\ㄩㄝ˙.mp3"
File "E:\我的文件\桌面\五上第十一課\soundData\ㄩㄢ.mp3"
File "E:\我的文件\桌面\五上第十一課\soundData\ㄩㄢˋ.mp3"
File "E:\我的文件\桌面\五上第十一課\soundData\ㄩㄢˊ.mp3"
File "E:\我的文件\桌面\五上第十一課\soundData\ㄩㄢˇ.mp3"
File "E:\我的文件\桌面\五上第十一課\soundData\ㄩㄢ˙.mp3"
File "E:\我的文件\桌面\五上第十一課\soundData\ㄩㄣ.mp3"
File "E:\我的文件\桌面\五上第十一課\soundData\ㄩㄣˋ.mp3"
File "E:\我的文件\桌面\五上第十一課\soundData\ㄩㄣˊ.mp3"
File "E:\我的文件\桌面\五上第十一課\soundData\ㄩㄣˇ.mp3"
File "E:\我的文件\桌面\五上第十一課\soundData\ㄩㄣ˙.mp3"
File "E:\我的文件\桌面\五上第十一課\soundData\ㄩㄥ.mp3"
File "E:\我的文件\桌面\五上第十一課\soundData\ㄩㄥˋ.mp3"
  removed 1 frame(s) (0.0s)
  removed 0.41KB
File "E:\我的文件\桌面\五上第十一課\soundData\ㄩㄥˊ.mp3"
File "E:\我的文件\桌面\五上第十一課\soundData\ㄩㄥˇ.mp3"
File "E:\我的文件\桌面\五上第十一課\soundData\ㄩㄥ˙.mp3"
File "E:\我的文件\桌面\五上第十一課\soundData\一ㄢˇ.mp3"
File "E:\我的文件\桌面\五上第十一課\soundData\一ㄥˋ.mp3"
  removed 0.15KB
File "E:\我的文件\桌面\五上第十一課\soundData\一聲.mp3"
  removed 1 frame(s) (0.0s)
  removed 0.41KB
File "E:\我的文件\桌面\五上第十一課\soundData\二聲.mp3"
  removed 1 frame(s) (0.0s)
  removed 0.41KB
File "E:\我的文件\桌面\五上第十一課\soundData\三聲.mp3"
  removed 1 frame(s) (0.0s)
  removed 0.41KB
File "E:\我的文件\桌面\五上第十一課\soundData\四聲.mp3"
  removed 1 frame(s) (0.0s)
  removed 0.41KB
File "E:\我的文件\桌面\五上第十一課\soundData\吃.mp3"
  removed 0.16KB
File "E:\我的文件\桌面\五上第十一課\soundData\輕聲.mp3"
  removed 1 frame(s) (0.0s)
  removed 0.41KB
TOTAL removed 634.43KB (1009 frame(s) - 26.2s)
------------------------------------------
